"Epitope - Source Organism","Chain 2 - Curated V Gene","Chain 2 - Curated J Gene","Chain 2 - CDR3 Curated"
"Homo sapiens (human)",,,
"Haemophilus influenzae",,,
"Bacillus subtilis",,,
"Mycobacterium tuberculosis",,,
"Mycobacterium avium",,,
"Mycobacterium tuberculosis",,,
"Mycobacterium tuberculosis",,,
"Mycobacterium tuberculosis",,,
"Mycobacterium tuberculosis",TCRBV6-2,TCRBJ2-2,ASRPPLTARGLKHTGELF
"Mycobacterium tuberculosis",,,
"Mycobacterium tuberculosis",,,
"Mycobacterium tuberculosis",TCRB6-2,TCRBJ2-2,ASRPPLTARGLKHTGELF
"Mycobacterium tuberculosis",TCRB6-2,TCRBJ2-2,ASRPPLTARGLKHTGELF
"Mycobacterium tuberculosis",TCRB6-2,TCRBJ2-2,ASRPPLTARGLKHTGELF
"Mycobacterium tuberculosis",TCRB6-2,TCRBJ2-2,ASRPPLTARGLKHTGELF
"Mycobacterium tuberculosis",TCRB6-2,TCRBJ2-2,ASRPPLTARGLKHTGELF
"Mycobacterium tuberculosis",TCRBV4-1,TCRBJ1-1,ASSHPLGSSKREAF
"Mycobacterium tuberculosis",TCRBV4-1,TCRBJ1-1,ASSHPLGSSKREAF
"Mycobacterium tuberculosis",TCRBV4-1,TCRBJ1-1,ASSHPLGSSKREAF
"Mycobacterium tuberculosis",TCRBV4-1,TCRBJ1-1,ASSHPLGSSKREAF
"Mycobacterium tuberculosis",TCRBV4-1,TCRBJ1-1,ASSHPLGSSKREAF
"Mycobacterium tuberculosis",TCRBV5-1,TCRBJ2-7,ASSLVRRYEQY
"Mycobacterium tuberculosis",TCRBV5-1,TCRBJ2-7,ASSLVRRYEQY
"Mycobacterium tuberculosis",TCRBV5-1,TCRBJ2-7,ASSLVRRYEQY
"Mycobacterium tuberculosis",TCRBV5-1,TCRBJ2-7,ASSLVRRYEQY
"Mycobacterium tuberculosis",TCRBV5-1,TCRBJ2-7,ASSLVRRYEQY
"Mycobacterium tuberculosis",TCRBV14,TCRBJ1-3,ASSQRRDRSGNTIY
"Prescottella equi",TCRBV14,TCRBJ1-3,ASSQRRDRSGNTIY
"Mycobacterium tuberculosis",TCRBV14,TCRBJ1-3,ASSQRRDRSGNTIY
"Mycobacterium tuberculosis",TCRBV14,TCRBJ1-3,ASSQRRDRSGNTIY
"Mycobacterium tuberculosis",TCRBV14,TCRBJ1-3,ASSQRRDRSGNTIY
"Mycobacterium tuberculosis",TCRBV14,TCRBJ1-3,ASSQRRDRSGNTIY
"Mycobacterium tuberculosis",TCRBV11-2,TCRBJ2-5,ASSSHRVRETQY
"Human immunodeficiency virus 1 (human immunodeficiency virus 1 HIV-1)",TCRBV15,,DGTAS
"Mycobacterium tuberculosis",TCRBV15,,DGTAS
"Mycobacterium tuberculosis",TCRBV15,,DATAS
"Human immunodeficiency virus 1 (human immunodeficiency virus 1 HIV-1)",TCRBV15,,DATAS
"Mycobacterium tuberculosis",TCRBV15,,DGAAS
"Human immunodeficiency virus 1 (human immunodeficiency virus 1 HIV-1)",TCRBV15,,DGAAS
"Mycobacterium tuberculosis",TCRBV15,,DGTGS
"Human immunodeficiency virus 1 (human immunodeficiency virus 1 HIV-1)",TCRBV15,,DGTGS
"Mycobacterium tuberculosis",,,CASSVALLGNTQYF
"Mycobacterium tuberculosis",,,CASSVALLGNTQYF
"Mycobacterium tuberculosis",,,CASSVALLGEEQYF
"Mycobacterium tuberculosis",,,CASSVALLGEEQYF
"Mycobacterium tuberculosis",,,CASSVALLGGGQYF
"Mycobacterium tuberculosis",,,CASSVALLGGGQYF
"Mycobacterium tuberculosis",,,CASSVALLGGEIYF
"Mycobacterium tuberculosis",,,CASSVALLGGEIYF
"Mycobacterium tuberculosis",,,CASSVALYGGTQYF
"Mycobacterium tuberculosis",,,CASSVALYGGTQYF
"Mycobacterium tuberculosis",,,CASSVALLGGEQFF
"Mycobacterium tuberculosis",,,CASSVALLGGEQFF
"Mycobacterium tuberculosis",,,CASSVALLGETQYF
"Mycobacterium tuberculosis",,,CASSVALLGETQYF
"Mycobacterium tuberculosis",,,CASSVALLGGTQYF
"Mycobacterium tuberculosis",,,CASSVALLGGTQYF
"Mycobacterium tuberculosis",TRBV9,TRBJ2-3,CASSVALQGVHTQYF
"Mycobacterium tuberculosis",TRBV9,TRBJ2-3,CASSVALQGVHTQYF
"Mycobacterium tuberculosis",TRBV9,TRBJ2-7,CASSVALATGEQYF
"Mycobacterium tuberculosis",TRBV9,TRBJ2-7,CASSVALATGEQYF
"Mycobacterium tuberculosis",TRBV12-3,TRBJ1-1,CASSLIEGGTEAFF
"Mycobacterium tuberculosis",TRBV12-3,TRBJ1-1,CASSLIEGGTEAFF
"Mycobacterium tuberculosis",TRBV12-3,TRBJ1-1,CASSLIEGGTEAFF
"Mycobacterium tuberculosis",TRBV12-3,TRBJ1-1,CASSLIEGGTEAFF
"Mycobacterium tuberculosis",TRBV12-3,TRBJ1-1,CASSLIEGGTEAFF
"Mycobacterium tuberculosis",TRBV12-3,TRBJ2-7,CASSLIEGLEQYF
"Mycobacterium tuberculosis",TRBV12-3,TRBJ2-7,CASSLIEGLEQYF
"Mycobacterium tuberculosis",TRBV12-3,TRBJ2-7,CASSLIEGLEQYF
"Mycobacterium tuberculosis",TRBV12-3,TRBJ2-7,CASSLIEGLEQYF
"Mycobacterium tuberculosis",TRBV12-3,TRBJ2-7,CASSLIEGLEQYF
"Mycobacterium tuberculosis",TRBV12-3,TRBJ1-1,CASSLIENTEAFF
"Mycobacterium tuberculosis",TRBV12-3,TRBJ1-1,CASSLIENTEAFF
"Mycobacterium tuberculosis",TRBV12-3,TRBJ1-1,CASSLIENTEAFF
"Mycobacterium tuberculosis",TRBV12-3,TRBJ1-1,CASSLIENTEAFF
"Mycobacterium tuberculosis",TRBV12-3,TRBJ1-1,CASSLIENTEAFF
"Mycobacterium tuberculosis",TRBV12-3,TRBJ1-5,CASSLIEQQPQHF
"Mycobacterium tuberculosis",TRBV12-3,TRBJ1-5,CASSLIEQQPQHF
"Mycobacterium tuberculosis",TRBV12-3,TRBJ1-5,CASSLIEQQPQHF
"Mycobacterium tuberculosis",TRBV12-3,TRBJ1-5,CASSLIEQQPQHF
"Mycobacterium tuberculosis",TRBV12-3,TRBJ1-5,CASSLIEQQPQHF
"Mycobacterium tuberculosis",TRBV6-2,TRBJ2-1,CASSLGQGHYNEQFF
"Mycobacterium tuberculosis",TRBV6-2,TRBJ2-1,CASSLGQGHYNEQFF
"Mycobacterium tuberculosis",TRBV6-2,TRBJ2-1,CASSLGQGHYNEQFF
"Mycobacterium tuberculosis",TRBV6-2,TRBJ2-1,CASSPGQGHYNEQFF
"Mycobacterium tuberculosis",TRBV6-2,TRBJ2-1,CASSPGQGHYNEQFF
"Mycobacterium tuberculosis",TRBV6-2,TRBJ2-1,CASSPGQGHYNEQFF
"Mycobacterium tuberculosis",TRBV20-1,TRBJ2-4,CSARAGGGEAKNIQYF
"Mycobacterium tuberculosis",TRBV20-1,TRBJ2-4,CSARAGGGEAKNIQYF
"Mycobacterium tuberculosis",TRBV20-1,TRBJ2-4,CSARASGGEAKNIQYF
"Mycobacterium tuberculosis",TRBV20-1,TRBJ2-4,CSARASGGEAKNIQYF
"Mycobacterium tuberculosis",TRBV7-2,TRBJ2-5,CASSFEETQYF
"Mycobacterium tuberculosis",TRBV7-2,TRBJ2-5,CASSLEETQYF
"Mycobacterium tuberculosis",TRBV7-2,TRBJ2-5,CASSPEETQYF
"Mycobacterium tuberculosis",TRBV14,TRBJ2,ASSSSSLNTEAF
"Mycobacterium tuberculosis",,,AVFTKRTNENI
"Mycobacterium tuberculosis",,,SVGRGNTEAF
"Mycobacterium tuberculosis",,,SVENRLGGETQY
"Mycobacterium tuberculosis",,,SVGSGLRDTQY
"Mycobacterium tuberculosis",TRBV18,TRBJ2,SVEGQRRVPSF
"Mycobacterium tuberculosis",TRBV29-1,TRBJ2,ASSSSSLNTEAF
"Mycobacterium tuberculosis",,,SAGWGGGTQY
"Mycobacterium tuberculosis",,,SVEDITADDFNEQF
"Mycobacterium tuberculosis",,,AVNEDTGRRALT
"Mycobacterium tuberculosis",,,ASSQSKS
"Mycobacterium tuberculosis",,,ASSQP
"Mycobacterium tuberculosis",,,ASSELSGRLYEQY
"Mycobacterium tuberculosis",,,ASSRTDIDPLRAVLR
"Mycobacterium tuberculosis",,,ASDSGVEAF
"Mycobacterium tuberculosis",,,STERDRDTQY
"Mycobacterium tuberculosis",TRBV14,TRBJ2,ASSSSSLNTEAF
"Mycobacterium tuberculosis",,,ASSGDRNSYEQY
"Mycobacterium tuberculosis",,,ASRGGGPEEDQY
"Mycobacterium tuberculosis",,,AAQFHLLHSK
"Mycobacterium tuberculosis",TRBV10-1,TRBJ2,ASSGDRNSYEQY
"Mycobacterium tuberculosis",,,SVEDGTGGQSGYT
"Mycobacterium tuberculosis",TRBV12-3,TRBJ2,SVEGQRRVPSF
"Mycobacterium tuberculosis",,,SVEGQGASGYT
"Mycobacterium tuberculosis",TRBV14*01,,CASSQGWDEQYF
"Mycobacterium tuberculosis",TRBV9*01,,CASSTLSGNYNEQFF
"Mycobacterium tuberculosis",TRBV7-8,,CASSFWGLGELFF
"Human herpesvirus 5 strain AD169 (Human cytomegalovirus (strain AD169))",TRBV5-1,TRBJ2-5,CASSLGETQYF
"Mycobacterium tuberculosis",TRBV5-1,TRBJ2-5,CASSLGETQYF
"Mycobacterium tuberculosis",TRBV5-1,TRBJ2-5,CASSLGETQYF
"Mycobacterium tuberculosis",TRBV4-1,TRBJ2-7,CASSQALLTGSYEQYF
"Mycobacterium tuberculosis",TRBV7-2,TRBJ1-5,CASSFGTESNQPQHF
"Mycobacterium tuberculosis",TRBV7-2,TRBJ1-5,CASSLGTESNQPQHF
"Mycobacterium tuberculosis",TRBV7-2,TRBJ1-5,CASSPGTESNQPQHF
"Mycobacterium tuberculosis",,,CASSLRSRAYEQYF
"Mycobacterium tuberculosis",,,CASSLRSRGYEQYF
"Mycobacterium tuberculosis",TRBV5-6,TRBJ2-7,CASSLRSRSYEQYF
"Mycobacterium tuberculosis",TRBV6-1,TRBJ1-5,CASTGGTESNQPQHF
"Mycobacterium tuberculosis",TRBV7-2,TRBJ1-5,CASSTGTESNQPQHF
"Mycobacterium tuberculosis",TRBV20-1,TRBJ2-1,CSARKQGNEQFF
"Mycobacterium tuberculosis",TRBV20-1,TRBJ2-1,CSARKQGNEQFF
"Mycobacterium tuberculosis",TRBV20-1,TRBJ2-1,CSARKQGNEQFF
"Mycobacterium tuberculosis",TRBV20-1,TRBJ2-1,CSARKQGNEQFF
"Mycobacterium tuberculosis",TRBV20-1,TRBJ2-1,CSARKQGNEQFF
"Mycobacterium tuberculosis",TRBV20-1,TRBJ2-1,CSARKQGNEQFF
"Mycobacterium tuberculosis",TRBV20-1,TRBJ2-1,CSARKQGNEQFF
"Mycobacterium tuberculosis",TRBV20-1,TRBJ2-1,CSARKQGNEQFF
"Mycobacterium tuberculosis",TRBV20-1,TRBJ2-1,CSARKQGNEQFF
"Mycobacterium tuberculosis H37Rv (Mycobacterium tuberculosis str. H37Rv)",TRBV20-1,TRBJ2-1,CSARKQGNEQFF
"Mycobacterium tuberculosis",TRBV20-1,TRBJ2-1,CSARKQGNEQFF
"Mycobacterium tuberculosis",TRBV20-1,TRBJ2-1,CSARKQGNEQFF
"Mycobacterium tuberculosis",TRBV20-1,TRBJ2-1,CSARKQGNEQFF
"Mycobacterium tuberculosis",TRBV20-1,TRBJ2-1,CSARKQGNEQFF
"Mycobacterium tuberculosis",TRBV20-1,TRBJ2-1,CSARKQGNEQFF
"Mycobacterium tuberculosis",TRBV20-1,TRBJ2-1,CSARKQGNEQFF
"Mycobacterium tuberculosis",TRBV20-1,TRBJ2-1,CSARKQGNEQFF
"Mycobacterium tuberculosis H37Rv (Mycobacterium tuberculosis str. H37Rv)",TRBV20-1,TRBJ2-1,CSARKQGNEQFF
"Mycobacterium tuberculosis",TRBV20-1,TRBJ2-1,CSARKQGNEQFF
"Mycobacterium tuberculosis",TRBV20-1,TRBJ2-1,CSARKQGNEQFF
"Mycobacterium tuberculosis",TRBV20-1,TRBJ2-1,CSARKQGNEQFF
"Mycobacterium tuberculosis",TRBV20-1,TRBJ2-1,CSARKQGNEQFF
"Mycobacterium tuberculosis",TRBV20-1,TRBJ2-1,CSARKQGNEQFF
"Mycobacterium tuberculosis",TRBV20-1,TRBJ2-1,CSARKQGNEQFF
"Mycobacterium tuberculosis",TRBV20-1,TRBJ2-1,CSARGQGNEQFF
"Mycobacterium tuberculosis",TRBV20-1,TRBJ2-1,CSARGQGNEQFF
"Mycobacterium tuberculosis",TRBV20-1,TRBJ2-1,CSARGQGNEQFF
"Mycobacterium tuberculosis",TRBV20-1,TRBJ2-1,CSARGQGNEQFF
"Mycobacterium tuberculosis",TRBV20-1,TRBJ2-1,CSARGQGNEQFF
"Mycobacterium tuberculosis",,,CASSFVTESNQPQHF
"Mycobacterium tuberculosis",TRBV7-2,TRBJ1-6,CASSPGTESNSPLHF
"Mycobacterium tuberculosis",,,CASSSGTESNQPQHF
"Mycobacterium tuberculosis H37Rv (Mycobacterium tuberculosis str. H37Rv)",TRBV10-3,TRBJ1-1,AISGEDRGNTEAF
"Mycobacterium tuberculosis H37Rv (Mycobacterium tuberculosis str. H37Rv)",TRBV10-3,TRBJ1-1,AISQEDRGNTEAF
"Mycobacterium tuberculosis",TRBV20-1,TRBJ2-4,SARASGGEAKNIQY
"Mycobacterium tuberculosis",TRBV19,TRBJ1-1,CASSEENTEAFF
"Mycobacterium tuberculosis",TRBV6-5,TRBJ1-1,CASSAGQKNTEAFF
"Mycobacterium tuberculosis",TRBV19,TRBJ2-7,CASSMETRIGEQYF
"Mycobacterium tuberculosis",TRBV19,TRBJ1-1,CASSIDLFWVNTEAFF
"Mycobacterium tuberculosis",TRBV2,TRBJ2-5,CASSDEAEHQETQYF
"Mycobacterium tuberculosis",TRBV2,TRBJ2-5,CASSDEAELLETQYF
"Mycobacterium tuberculosis",TRBV4-2,TRBJ1-5,CASSPGSNQPQHF
"Mycobacterium tuberculosis",TRBV19,TRBJ1-1,CASSEENTEAFF
"Mycobacterium tuberculosis",TRBV19,TRBJ1-1,CASSEENTEAFF
"Mycobacterium tuberculosis",TRBV19,TRBJ1-1,CASSEENTEAFF
"Mycobacterium tuberculosis",TRBV10-1,TRBJ2-3,CASGPGTDTQYF
"Mycobacterium tuberculosis",TRBV10-1,TRBJ1-1,CASSDRGGTEAFF
"Mycobacterium tuberculosis",TRBV10-1,TRBJ2-3,CASSEGDSTDTQYF
"Mycobacterium tuberculosis",TRBV10-1,TRBJ2-3,CASSESGADTDTQYF
"Mycobacterium tuberculosis",TRBV10-1,TRBJ2-3,CASSESLAGANTDTQYF
"Mycobacterium tuberculosis",TRBV10-2,TRBJ2-1,CASSEFRGDEQFF
"Mycobacterium tuberculosis",TRBV10-2,TRBJ2-1,CASSEYYNEQFF
"Mycobacterium tuberculosis",TRBV10-2,TRBJ2-2,CASSGLAGPGELFF
"Mycobacterium tuberculosis",TRBV10-2,TRBJ2-7,CASSVLGQYEQYF
"Mycobacterium tuberculosis",TRBV10-3,TRBJ1-1,CAIRGQGVNTEAFF
"Mycobacterium tuberculosis",TRBV10-3,TRBJ2-5,CAIRGSGQETQYF
"Mycobacterium tuberculosis",TRBV10-3,TRBJ2-3,CAISDPGGENTQYF
"Mycobacterium tuberculosis",TRBV10-3,TRBJ2-5,CAISEEQGRETQYF
"Mycobacterium tuberculosis",TRBV10-3,TRBJ1-3,CAISEFVDTIYF
"Mycobacterium tuberculosis",TRBV10-3,TRBJ1-1,CAISEPGTDTEAFF
"Mycobacterium tuberculosis",TRBV10-3,TRBJ1-1,CAISEPGTDTVAFF
"Mycobacterium tuberculosis",TRBV10-3,TRBJ2-1,CAISEPGTYNEQFF
"Mycobacterium tuberculosis",TRBV10-3,TRBJ1-2,CAISEPWGGSYGYTF
"Mycobacterium tuberculosis",TRBV10-3,TRBJ1-5,CAISESDSHGQPQHF
"Mycobacterium tuberculosis",TRBV10-3,TRBJ2-3,CAISETGTDTQYF
"Mycobacterium tuberculosis",TRBV10-3,TRBJ2-5,CAISETQETQYF
"Mycobacterium tuberculosis",TRBV10-3,TRBJ2-1,CAISRGNEQFF
"Mycobacterium tuberculosis",TRBV10-3,TRBJ2-1,CAISVGNEQFF
"Mycobacterium tuberculosis",TRBV10-3,TRBJ2-7,CAISVGTAYEQYF
"Mycobacterium tuberculosis",TRBV10-3,TRBJ2-3,CAITQGTDTQYF
"Mycobacterium tuberculosis",TRBV10-3,TRBJ2-7,CAVSTGLEQYF
"Mycobacterium tuberculosis",TRBV11-1,TRBJ2-1,CAGDFSYNEQFF
"Mycobacterium tuberculosis",TRBV11-1,TRBJ2-5,CAIQGHQETQYF
"Mycobacterium tuberculosis",TRBV11-1,TRBJ1-1,CASRGEGTYTEAFF
"Mycobacterium tuberculosis",TRBV11-1,TRBJ2-1,CASSFSGNEQFF
"Mycobacterium tuberculosis",TRBV11-1,TRBJ1-1,CASSFVREEAFF
"Mycobacterium tuberculosis",TRBV11-1,TRBJ1-1,CASSLAAGGTEAFF
"Mycobacterium tuberculosis",TRBV11-1,TRBJ2-1,CASSLAGAVYNEQFF
"Mycobacterium tuberculosis",TRBV11-1,TRBJ2-1,CASSLAGLVNEQFF
"Mycobacterium tuberculosis",TRBV11-1,TRBJ1-4,CASSLANPASNEKLFF
"Mycobacterium tuberculosis",TRBV11-1,TRBJ2-2,CASSLAPGELFF
"Mycobacterium tuberculosis",TRBV11-1,TRBJ1-1,CASSLAPGENTEAFF
"Mycobacterium tuberculosis",TRBV11-1,TRBJ1-5,CASSLAQGNQPQHF
"Mycobacterium tuberculosis",TRBV11-1,TRBJ2-1,CASSLAVSSYNEQFF
"Mycobacterium tuberculosis",TRBV11-1,TRBJ2-7,CASSLDGYEQYF
"Mycobacterium tuberculosis",TRBV11-1,TRBJ2-5,CASSLGLRETQYF
"Mycobacterium tuberculosis",TRBV11-1,TRBJ2-7,CASSLGLSYEQYF
"Mycobacterium tuberculosis",TRBV11-1,TRBJ2-2,CASSLPNTGELFF
"Mycobacterium tuberculosis",TRBV11-1,TRBJ2-1,CASSLSGLNEQFF
"Mycobacterium tuberculosis",TRBV11-1,TRBJ2-1,CASSLVNNEQFF
"Mycobacterium tuberculosis",TRBV11-1,TRBJ2-7,CASSNSYEQYF
"Mycobacterium tuberculosis",TRBV11-1,TRBJ2-5,CASSPDPIQETQYF
"Mycobacterium tuberculosis",TRBV11-1,TRBJ2-7,CASSPGGSYEQYF
"Mycobacterium tuberculosis",TRBV11-1,TRBJ1-6,CASSRDSATPLHF
"Mycobacterium tuberculosis",TRBV11-1,TRBJ1-2,CASSYGEGYTF
"Mycobacterium tuberculosis",TRBV11-2,TRBJ2-7,CASSFGQGGEQYF
"Mycobacterium tuberculosis",TRBV11-2,TRBJ2-2,CASSLDHPSGELFF
"Mycobacterium tuberculosis",TRBV11-2,TRBJ1-6,CASSLDLPYSPLHF
"Mycobacterium tuberculosis",TRBV11-2,TRBJ2-5,CASSLDLWTGQETQYF
"Mycobacterium tuberculosis",TRBV11-2,TRBJ1-2,CASSLEDPPHGYTF
"Mycobacterium tuberculosis",TRBV11-2,TRBJ1-1,CASSLEGSTEAFF
"Mycobacterium tuberculosis",TRBV11-2,TRBJ2-1,CASSLERNNEQFF
"Mycobacterium tuberculosis",TRBV11-2,TRBJ2-3,CASSLEVAHTDTQYF
"Mycobacterium tuberculosis",TRBV11-2,TRBJ2-7,CASSLEVAYEQYF
"Mycobacterium tuberculosis",TRBV11-2,TRBJ2-7,CASSLGGGYEQYF
"Mycobacterium tuberculosis",TRBV11-2,TRBJ2-7,CASSLSGYEQYF
"Mycobacterium tuberculosis",TRBV11-2,TRBJ1-1,CASSLVGRTEAFF
"Mycobacterium tuberculosis",TRBV11-2,TRBJ1-5,CASSLYLDSNQPQHF
"Mycobacterium tuberculosis",TRBV11-2,TRBJ2-5,CASSPGGETQYF
"Mycobacterium tuberculosis",TRBV11-2,TRBJ2-7,CASSPGQHYEQYF
"Mycobacterium tuberculosis",TRBV11-2,TRBJ1-1,CASSQTGDTEAFF
"Mycobacterium tuberculosis",TRBV11-2,TRBJ2-1,CASSRLAYGEQFF
"Mycobacterium tuberculosis",TRBV11-2,TRBJ2-2,CASSSGGELFF
"Mycobacterium tuberculosis",TRBV11-2,TRBJ1-2,CASSTAGGGGYTF
"Mycobacterium tuberculosis",TRBV11-2,TRBJ2-6,CASSTSTGVLTF
"Mycobacterium tuberculosis",TRBV11-2,TRBJ2-1,CASSVSYNEQFF
"Mycobacterium tuberculosis",TRBV11-2,TRBJ2-7,CASYGTSRDEQYF
"Mycobacterium tuberculosis",TRBV11-3,TRBJ2-3,CASSLDQPGDTQYF
"Mycobacterium tuberculosis",TRBV11-3,TRBJ1-3,CASSLGAAGQYF
"Mycobacterium tuberculosis",TRBV11-3,TRBJ2-7,CASSLGAGVYEQYF
"Mycobacterium tuberculosis",TRBV11-3,TRBJ1-2,CASSLGGLNYGYTF
"Mycobacterium tuberculosis",TRBV11-3,TRBJ1-1,CASSLTEGTEAFF
"Mycobacterium tuberculosis",TRBV11-3,TRBJ1-1,CASSLVGDWNTEAFF
"Mycobacterium tuberculosis",TRBV11-3,TRBJ2-7,CASSLVGGQNREQYF
"Mycobacterium tuberculosis",TRBV11-3,TRBJ2-7,CASSLVGPYEQYF
"Mycobacterium tuberculosis",TRBV11-3,TRBJ2-7,CASSLVIGTEGEQYF
"Mycobacterium tuberculosis",TRBV11-3,TRBJ2-2,CASSLVQWATGELFF
"Mycobacterium tuberculosis",TRBV11-3,TRBJ2-1,CASSLVRTSGREQFF
"Mycobacterium tuberculosis",TRBV12-1,TRBJ2-1,CASSFASGGSYNEQFF
"Mycobacterium tuberculosis",TRBV12-1,TRBJ1-6,CASSFYREFHSPLHF
"Mycobacterium tuberculosis",TRBV12-1,TRBJ1-2,CASSSGTNYGYTF
"Mycobacterium tuberculosis",TRBV12-1,TRBJ1-6,CASSSTGEGNSPLHF
"Mycobacterium tuberculosis",TRBV12-3,TRBJ1-3,CAIYGNTIYF
"Mycobacterium tuberculosis",TRBV12-3,TRBJ2-5,CASKRGQKTQYF
"Mycobacterium tuberculosis",TRBV12-3,TRBJ1-5,CASRTGLGQPQHF
"Mycobacterium tuberculosis",TRBV12-3,TRBJ2-7,CASSASYEQYF
"Mycobacterium tuberculosis",TRBV12-3,TRBJ2-1,CASSFASLSYNEQFF
"Mycobacterium tuberculosis",TRBV12-3,TRBJ2-5,CASSFDRGQETQYF
"Mycobacterium tuberculosis",TRBV12-3,TRBJ1-1,CASSFFDRLEAFF
"Mycobacterium tuberculosis",TRBV12-3,TRBJ1-2,CASSFGGTYGYTF
"Mycobacterium tuberculosis",TRBV12-3,TRBJ2-7,CASSFGLATYEQYF
"Mycobacterium tuberculosis",TRBV12-3,TRBJ2-1,CASSFGQGAYNEQFF
"Mycobacterium tuberculosis",TRBV12-3,TRBJ2-7,CASSFGRQTYEQYF
"Mycobacterium tuberculosis",TRBV12-3,TRBJ2-3,CASSFGTDTQYF
"Mycobacterium tuberculosis",TRBV12-3,TRBJ1-1,CASSFGVTEAFF
"Mycobacterium tuberculosis",TRBV12-3,TRBJ1-2,CASSFPTGGDYGYTF
"Mycobacterium tuberculosis",TRBV12-3,TRBJ1-1,CASSFQGNTEAFF
"Mycobacterium tuberculosis",TRBV12-3,TRBJ2-1,CASSFRGGTEQFF
"Mycobacterium tuberculosis",TRBV12-3,TRBJ1-2,CASSFSYGYTF
"Mycobacterium tuberculosis",TRBV12-3,TRBJ2-3,CASSLAATDTQYF
"Mycobacterium tuberculosis",TRBV12-3,TRBJ2-1,CASSLAGEYNEQFF
"Mycobacterium tuberculosis",TRBV12-3,TRBJ2-1,CASSLAGGAHEQFF
"Mycobacterium tuberculosis",TRBV12-3,TRBJ2-3,CASSLAGGSTDTQYF
"Mycobacterium tuberculosis",TRBV12-3,TRBJ1-2,CASSLAGLPGYTF
"Mycobacterium tuberculosis",TRBV12-3,TRBJ2-1,CASSLEHYNEQFF
"Mycobacterium tuberculosis",TRBV12-3,TRBJ2-7,CASSLGAAYEQYF
"Mycobacterium tuberculosis",TRBV12-3,TRBJ2-7,CASSLGAPYEQYF
"Mycobacterium tuberculosis",TRBV12-3,TRBJ1-1,CASSLGGNTEAFF
"Mycobacterium tuberculosis",TRBV12-3,TRBJ2-2,CASSLGPGELFF
"Mycobacterium tuberculosis",TRBV12-3,TRBJ1-2,CASSLGPGGYTF
"Mycobacterium tuberculosis",TRBV12-3,TRBJ1-1,CASSLGPHTEAFF
"Mycobacterium tuberculosis",TRBV12-3,TRBJ1-2,CASSLGRATGYTF
"Mycobacterium tuberculosis",TRBV12-3,TRBJ2-1,CASSLGRNEQFF
"Mycobacterium tuberculosis",TRBV12-3,TRBJ1-5,CASSLGRSNQPQHF
"Mycobacterium tuberculosis",TRBV12-3,TRBJ2-7,CASSLGVSSYEQYF
"Mycobacterium tuberculosis",TRBV12-3,TRBJ1-1,CASSLGWDTEAFF
"Mycobacterium tuberculosis",TRBV19,TRBJ1-1,CASSIDLFWVNTEAFF
"Mycobacterium tuberculosis",TRBV2,TRBJ2-5,CASSDEAEHQETQYF
"Mycobacterium tuberculosis",TRBV2,TRBJ2-5,CASSDEAEHQETQYF
"Mycobacterium tuberculosis",TRBV12-3,TRBJ2-2,CASSLGWGTGELFF
"Mycobacterium tuberculosis",TRBV12-3,TRBJ2-7,CASSLIGASYEQYF
"Mycobacterium tuberculosis",TRBV12-3,TRBJ1-1,CASSLIQGVAEAFF
"Mycobacterium tuberculosis",TRBV12-3,TRBJ1-1,CASSLMGARAEAFF
"Mycobacterium tuberculosis",TRBV12-3,TRBJ1-5,CASSLNPRVQPQHF
"Mycobacterium tuberculosis",TRBV12-3,TRBJ1-1,CASSLRGGNTEAFF
"Mycobacterium tuberculosis",TRBV12-3,TRBJ2-3,CASSLRQEIDTQYF
"Mycobacterium tuberculosis",TRBV12-3,TRBJ2-3,CASSLSGGIDTQYF
"Mycobacterium tuberculosis",TRBV12-3,TRBJ2-3,CASSLTDTQYF
"Mycobacterium tuberculosis",TRBV12-3,TRBJ1-5,CASSLTGRQPQHF
"Mycobacterium tuberculosis",TRBV12-3,TRBJ2-7,CASSLTQGASYEQYF
"Mycobacterium tuberculosis",TRBV12-3,TRBJ1-1,CASSLVAGGTEAFF
"Mycobacterium tuberculosis",TRBV12-3,TRBJ2-1,CASSLVGDEQFF
"Mycobacterium tuberculosis",TRBV12-3,TRBJ1-4,CASSRDGKLFF
"Mycobacterium tuberculosis",TRBV12-3,TRBJ1-2,CASSSANYGYTF
"Mycobacterium tuberculosis",TRBV12-3,TRBJ1-2,CASSSGQAYGYTF
"Mycobacterium tuberculosis",TRBV12-3,TRBJ2-5,CASSSKETQYF
"Mycobacterium tuberculosis",TRBV12-5,TRBJ2-1,CASASQLEQFF
"Mycobacterium tuberculosis",TRBV12-5,TRBJ2-1,CASGFANYNEQFF
"Mycobacterium tuberculosis",TRBV12-5,TRBJ2-1,CASGFPGGADNEQFF
"Mycobacterium tuberculosis",TRBV12-5,TRBJ2-1,CASGLVQYNEQFF
"Mycobacterium tuberculosis",TRBV12-5,TRBJ2-7,CASGPLSGEQYF
"Mycobacterium tuberculosis",TRBV13,TRBJ2-5,CASGPRSQETQYF
"Mycobacterium tuberculosis",TRBV13,TRBJ2-7,CASRGGGWSYEQYF
"Mycobacterium tuberculosis",TRBV13,TRBJ1-6,CASSAGTTSPLHF
"Mycobacterium tuberculosis",TRBV13,TRBJ2-7,CASSEGQGYEQYF
"Mycobacterium tuberculosis",TRBV13,TRBJ2-3,CASSGLGGTDTQYF
"Mycobacterium tuberculosis",TRBV13,TRBJ1-1,CASSHGGMGTEAFF
"Mycobacterium tuberculosis",TRBV13,TRBJ2-3,CASSIAATDTQYF
"Mycobacterium tuberculosis",TRBV13,TRBJ2-3,CASSIVATDTQYF
"Mycobacterium tuberculosis",TRBV13,TRBJ2-3,CASSIVATDTQYF
"Mycobacterium tuberculosis",TRBV13,TRBJ2-5,CASSLAGGKETQYF
"Mycobacterium tuberculosis",TRBV14,TRBJ1-1,CASSQVMAEAFF
"Mycobacterium tuberculosis",TRBV14,TRBJ2-7,CASSQYLARVDEQYF
"Mycobacterium tuberculosis",TRBV14,TRBJ2-1,CASSRDRNNEQFF
"Mycobacterium tuberculosis",TRBV14,TRBJ1-1,CASSRETANTEAFF
"Mycobacterium tuberculosis",TRBV14,TRBJ1-2,CASSRQDREDYGYTF
"Mycobacterium tuberculosis",TRBV15,TRBJ2-3,CATARTDTQYF
"Mycobacterium tuberculosis",TRBV15,TRBJ1-5,CATSGETGGQPQHF
"Mycobacterium tuberculosis",TRBV15,TRBJ1-2,CATSGRDGNGYTF
"Mycobacterium tuberculosis",TRBV15,TRBJ2-6,CATSRAGDGANVLTF
"Mycobacterium tuberculosis",TRBV15,TRBJ1-2,CATSRDLGEVYGYTF
"Mycobacterium tuberculosis",TRBV15,TRBJ2-7,CATSRDREGAYEQYF
"Mycobacterium tuberculosis",TRBV15,TRBJ2-3,CATSREIGWRQYF
"Mycobacterium tuberculosis",TRBV15,TRBJ1-1,CATSRGETVLNTEAFF
"Mycobacterium tuberculosis",TRBV15,TRBJ1-5,CATSRGIGQPQHF
"Mycobacterium tuberculosis",TRBV15,TRBJ2-7,CATSRGVTAYEQYF
"Mycobacterium tuberculosis",TRBV15,TRBJ1-1,CATSRRRDTEAFF
"Mycobacterium tuberculosis",TRBV15,TRBJ2-7,CATSSDSYEQYF
"Mycobacterium tuberculosis",TRBV15,TRBJ1-5,CATSTDSFGGQPQHF
"Mycobacterium tuberculosis",TRBV16,TRBJ1-4,CASSQSGQGGEKLFF
"Mycobacterium tuberculosis",TRBV18,TRBJ1-2,CASPGRDYTF
"Mycobacterium tuberculosis",TRBV18,TRBJ2-7,CASSDISGREQYF
"Mycobacterium tuberculosis",TRBV18,TRBJ2-7,CASSDISGREQYF
"Mycobacterium tuberculosis",TRBV18,TRBJ1-2,CASSHATGDGYTF
"Mycobacterium tuberculosis",TRBV18,TRBJ2-7,CASSPEVQGSGEQYF
"Mycobacterium tuberculosis",TRBV18,TRBJ2-5,CASSPPGAETQYF
"Mycobacterium tuberculosis",TRBV18,TRBJ1-2,CASSPPGRYGYTF
"Mycobacterium tuberculosis",TRBV18,TRBJ1-1,CASSPPIGLNTEAFF
"Mycobacterium tuberculosis",TRBV18,TRBJ1-2,CASSPPRDGSYGYTF
"Mycobacterium tuberculosis",TRBV18,TRBJ2-3,CASSPRDVDTQYF
"Mycobacterium tuberculosis",TRBV18,TRBJ1-1,CASSPRENTEAFF
"Mycobacterium tuberculosis",TRBV18,TRBJ2-7,CASSPRWEQYF
"Mycobacterium tuberculosis",TRBV18,TRBJ1-5,CASSPTDPGQPQHF
"Mycobacterium tuberculosis",TRBV18,TRBJ2-7,CASSQDSYEQYF
"Mycobacterium tuberculosis",TRBV18,TRBJ1-5,CASSYIRGPHQPQHF
"Mycobacterium tuberculosis",TRBV19,TRBJ1-4,CASADRGFGKLFF
"Mycobacterium tuberculosis",TRBV19,TRBJ1-2,CASMGGGYGYTF
"Mycobacterium tuberculosis",TRBV19,TRBJ1-1,CASNPGTGLAEAFF
"Mycobacterium tuberculosis",TRBV19,TRBJ2-1,CASRHLTAENEQFF
"Mycobacterium tuberculosis",TRBV19,TRBJ2-1,CASRPPSNEQFF
"Mycobacterium tuberculosis",TRBV19,TRBJ1-1,CASRRDRDTEAFF
"Mycobacterium tuberculosis",TRBV19,TRBJ2-1,CASSAGREQFF
"Mycobacterium tuberculosis",TRBV19,TRBJ1-1,CASSDPNTEAFF
"Mycobacterium tuberculosis",TRBV19,TRBJ2-3,CASSIAPWASTDTQYF
"Mycobacterium tuberculosis",TRBV19,TRBJ1-5,CASSIDGPQHF
"Mycobacterium tuberculosis",TRBV19,TRBJ2-1,CASSIGHEQFF
"Mycobacterium tuberculosis",TRBV19,TRBJ2-2,CASSIGNTGELFF
"Mycobacterium tuberculosis",TRBV19,TRBJ2-2,CASSIGPGELFF
"Mycobacterium tuberculosis",TRBV19,TRBJ2-7,CASSIGSGGPYEQYF
"Mycobacterium tuberculosis",TRBV19,TRBJ2-7,CASSIGTGAYEQYF
"Mycobacterium tuberculosis",TRBV19,TRBJ2-3,CASSIGTGVDTQYF
"Mycobacterium tuberculosis",TRBV19,TRBJ2-7,CASSIGYEQYF
"Mycobacterium tuberculosis",TRBV19,TRBJ1-2,CASSILPGRNGYTF
"Mycobacterium tuberculosis",TRBV19,TRBJ1-5,CASSINRDRRQPQHF
"Mycobacterium tuberculosis",TRBV19,TRBJ2-1,CASSIPANEQFF
"Mycobacterium tuberculosis",TRBV19,TRBJ1-2,CASSIPGLDYGYTF
"Mycobacterium tuberculosis",TRBV19,TRBJ1-2,CASSIQGAAYNGYTF
"Mycobacterium tuberculosis",TRBV19,TRBJ2-7,CASSIRDFGGEQYF
"Mycobacterium tuberculosis",TRBV19,TRBJ1-2,CASSIRGQRGYTF
"Mycobacterium tuberculosis",TRBV19,TRBJ1-1,CASSISGMNTEAFF
"Mycobacterium tuberculosis",TRBV19,TRBJ1-1,CASSISGMNTEAFF
"Mycobacterium tuberculosis",TRBV19,TRBJ2-7,CASSITAGGEQYF
"Mycobacterium tuberculosis",TRBV19,TRBJ1-2,CASSITANYGYTF
"Mycobacterium tuberculosis",TRBV19,TRBJ1-2,CASSITGGNGYTF
"Mycobacterium tuberculosis",TRBV19,TRBJ2-1,CASSITGVLVNEQFF
"Mycobacterium tuberculosis",TRBV19,TRBJ2-1,CASSITREGRGNEQFF
"Mycobacterium tuberculosis",TRBV19,TRBJ2-3,CASSIYGDTDTQYF
"Mycobacterium tuberculosis",TRBV19,TRBJ2-7,CASSIYGSYGEQYF
"Mycobacterium tuberculosis",TRBV19,TRBJ2-7,CASSKQGDSYEQYF
"Mycobacterium tuberculosis",TRBV19,TRBJ2-7,CASSMETRICEQYF
"Mycobacterium tuberculosis",TRBV19,TRBJ2-7,CASSMETRIGEQYF
"Mycobacterium tuberculosis",TRBV19,TRBJ2-7,CASSMETRIGEQYF
"Mycobacterium tuberculosis",TRBV19,TRBJ1-2,CASSMGHNYGYTF
"Mycobacterium tuberculosis",TRBV19,TRBJ1-1,CASSMGRNLNTEAFF
"Mycobacterium tuberculosis",TRBV19,TRBJ2-1,CASSMRARDNEQFF
"Mycobacterium tuberculosis",TRBV19,TRBJ2-2,CASSMRGELFF
"Mycobacterium tuberculosis",TRBV19,TRBJ2-7,CASSMSSSYEQYF
"Mycobacterium tuberculosis",TRBV19,TRBJ1-1,CASSPGRAGPEAFF
"Mycobacterium tuberculosis",TRBV19,TRBJ2-7,CASSPGRAYEQYF
"Mycobacterium tuberculosis",TRBV19,TRBJ1-1,CASSPSGTEAFF
"Mycobacterium tuberculosis",TRBV19,TRBJ1-2,CASSPSTGYGYTF
"Mycobacterium tuberculosis",TRBV19,TRBJ2-3,CASSRGTTDTQYF
"Mycobacterium tuberculosis",TRBV19,TRBJ2-3,CASSRTDTQYF
"Mycobacterium tuberculosis",TRBV19,TRBJ2-3,CASSSPAEASDTQYF
"Mycobacterium tuberculosis",TRBV19,TRBJ1-2,CASSTGYGYTF
"Mycobacterium tuberculosis",TRBV19,TRBJ1-5,CASSTRFAQPQHF
"Mycobacterium tuberculosis",TRBV19,TRBJ2-7,CASSTYDSYEQYF
"Mycobacterium tuberculosis",TRBV19,TRBJ2-7,CASSVLGGPYEQYF
"Mycobacterium tuberculosis",TRBV19,TRBJ1-2,CASTDGQGLSGYTF
"Mycobacterium tuberculosis",TRBV19,TRBJ1-5,CASWGQPQHF
"Mycobacterium tuberculosis",TRBV2,TRBJ1-2,CANSYCYTF
"Mycobacterium tuberculosis",TRBV2,TRBJ1-2,CANSYGYTF
"Mycobacterium tuberculosis",TRBV2,TRBJ2-1,CASGLAGYNEQFF
"Mycobacterium tuberculosis",TRBV2,TRBJ2-7,CASRDGQAYEQYF
"Mycobacterium tuberculosis",TRBV2,TRBJ2-1,CASRTGTNEQFF
"Mycobacterium tuberculosis",TRBV2,TRBJ1-1,CASSAGQENTEAFF
"Mycobacterium tuberculosis",TRBV2,TRBJ2-2,CASSARTGDTGELFF
"Mycobacterium tuberculosis",TRBV2,TRBJ2-3,CASSATGGTDTQYF
"Mycobacterium tuberculosis",TRBV2,TRBJ2-1,CASSDEGADNEQFF
"Mycobacterium tuberculosis",TRBV2,TRBJ2-7,CASSDGDSYEQYF
"Mycobacterium tuberculosis",TRBV2,TRBJ2-7,CASSEAPGMGYEQYF
"Mycobacterium tuberculosis",TRBV2,TRBJ1-2,CASSEGDRPISYTF
"Mycobacterium tuberculosis",TRBV2,TRBJ2-1,CASSEGTSGNEQFF
"Mycobacterium tuberculosis",TRBV2,TRBJ2-7,CASSEGTVPPYEQYF
"Mycobacterium tuberculosis",TRBV2,TRBJ2-2,CASSEGWGTGELFF
"Mycobacterium tuberculosis",TRBV2,TRBJ2-1,CASSEHEQFF
"Mycobacterium tuberculosis",TRBV2,TRBJ1-5,CASSEMMGGNQPQHF
"Mycobacterium tuberculosis",TRBV2,TRBJ2-1,CASSEQSSGWDEQFF
"Mycobacterium tuberculosis",TRBV2,TRBJ1-6,CASSERGEASPLHF
"Mycobacterium tuberculosis",TRBV2,TRBJ1-1,CASSERPYTEAFF
"Mycobacterium tuberculosis",TRBV2,TRBJ1-1,CASSETGSTEAFF
"Mycobacterium tuberculosis",TRBV2,TRBJ2-4,CASSETSGDSDIQYF
"Mycobacterium tuberculosis",TRBV2,TRBJ1-1,CASSEWRDYTEAFF
"Mycobacterium tuberculosis",TRBV2,TRBJ1-2,CASSGDRGGGYTF
"Mycobacterium tuberculosis",TRBV2,TRBJ2-7,CASSGDRGLDEQYF
"Mycobacterium tuberculosis",TRBV2,TRBJ1-5,CASSGDYSNQPQHF
"Mycobacterium tuberculosis",TRBV2,TRBJ1-5,CASSGGDWGQPQHF
"Mycobacterium tuberculosis",TRBV2,TRBJ2-7,CASSGRLASSYEQYF
"Mycobacterium tuberculosis",TRBV2,TRBJ2-2,CASSGRLEGNTGELFF
"Mycobacterium tuberculosis",TRBV2,TRBJ2-7,CASSGRLYEQYF
"Mycobacterium tuberculosis",TRBV2,TRBJ2-1,CASSGTSEYNEQFF
"Mycobacterium tuberculosis",TRBV2,TRBJ2-7,CASSVRDRGRDEQYF
"Mycobacterium tuberculosis",TRBV2,TRBJ1-2,CASSYGYTF
"Mycobacterium tuberculosis",TRBV2,TRBJ2-5,CASWESETQYF
"Mycobacterium tuberculosis",TRBV2,TRBJ2-7,CATAGANEQYF
"Mycobacterium tuberculosis",TRBV13,TRBJ2-5,CASSLAGREETQYF
"Mycobacterium tuberculosis",TRBV13,TRBJ2-5,CASSLAGVLETQYF
"Mycobacterium tuberculosis",TRBV13,TRBJ2-1,CASSLASYNEQFF
"Mycobacterium tuberculosis",TRBV13,TRBJ2-1,CASSLASYNEQFF
"Mycobacterium tuberculosis",TRBV13,TRBJ2-5,CASSLGETQYF
"Mycobacterium tuberculosis",TRBV13,TRBJ2-7,CASSLGGPSSYEQYF
"Mycobacterium tuberculosis",TRBV13,TRBJ1-1,CASSLGKGQPAFF
"Mycobacterium tuberculosis",TRBV13,TRBJ1-5,CASSLGNSWGNQPQHF
"Mycobacterium tuberculosis",TRBV13,TRBJ1-5,CASSLGQVDQPQHF
"Mycobacterium tuberculosis",TRBV13,TRBJ2-4,CASSLGSGGQYF
"Mycobacterium tuberculosis",TRBV13,TRBJ1-2,CASSLGTGSNYGYTF
"Mycobacterium tuberculosis",TRBV13,TRBJ1-2,CASSLGVGPGYGYTF
"Mycobacterium tuberculosis",TRBV13,TRBJ2-1,CASSLGWGYNEQFF
"Mycobacterium tuberculosis",TRBV13,TRBJ1-1,CASSLLGSTEAFF
"Mycobacterium tuberculosis",TRBV13,TRBJ2-7,CASSLRGFHEQYF
"Mycobacterium tuberculosis",TRBV13,TRBJ2-5,CASSLRGGETQYF
"Mycobacterium tuberculosis",TRBV13,TRBJ2-5,CASSLRRETQYF
"Mycobacterium tuberculosis",TRBV13,TRBJ1-2,CASSLRTGGSGYTF
"Mycobacterium tuberculosis",TRBV13,TRBJ2-1,CASSLTSYNEQFF
"Mycobacterium tuberculosis",TRBV13,TRBJ2-7,CASSLVASDEQYF
"Mycobacterium tuberculosis",TRBV13,TRBJ2-3,CASSLVSTDTQYF
"Mycobacterium tuberculosis",TRBV13,TRBJ2-3,CASSLVSTDTQYF
"Mycobacterium tuberculosis",TRBV13,TRBJ2-3,CASSLYRQVQYF
"Mycobacterium tuberculosis",TRBV13,TRBJ1-5,CASSMGRDQPQHF
"Mycobacterium tuberculosis",TRBV13,TRBJ2-1,CASSNEGSSYNEQFF
"Mycobacterium tuberculosis",TRBV13,TRBJ1-2,CASSPDGTGSGYTF
"Mycobacterium tuberculosis",TRBV13,TRBJ1-1,CASSPQGYTEAFF
"Mycobacterium tuberculosis",TRBV13,TRBJ1-5,CASSPTGQLNQPQHF
"Mycobacterium tuberculosis",TRBV13,TRBJ2-3,CASSQGAHTQYF
"Mycobacterium tuberculosis",TRBV13,TRBJ1-1,CASSQGTGYTEAFF
"Mycobacterium tuberculosis",TRBV13,TRBJ2-1,CASSSAGPYNEQFF
"Mycobacterium tuberculosis",TRBV13,TRBJ2-7,CASSSDPYEQYF
"Mycobacterium tuberculosis",TRBV13,TRBJ2-1,CASSSGRYNEQFF
"Mycobacterium tuberculosis",TRBV13,TRBJ1-1,CASSSLVMNTEAFF
"Mycobacterium tuberculosis",TRBV13,TRBJ2-7,CASSSPPGEQYF
"Mycobacterium tuberculosis",TRBV13,TRBJ1-4,CASSSSGREKLFF
"Mycobacterium tuberculosis",TRBV13,TRBJ1-1,CASSSTENTEAFF
"Mycobacterium tuberculosis",TRBV13,TRBJ2-1,CASSTSSPYNEQFF
"Mycobacterium tuberculosis",TRBV13,TRBJ2-1,CASSWTGYNNEQFF
"Mycobacterium tuberculosis",TRBV13,TRBJ1-2,CASSYYTTGGNGYTF
"Mycobacterium tuberculosis",TRBV13,TRBJ2-7,CASTDRTVGYEQYF
"Mycobacterium tuberculosis",TRBV14,TRBJ2-1,CASSHKRNNEQFF
"Mycobacterium tuberculosis",TRBV14,TRBJ2-1,CASSHPGGGEQFF
"Mycobacterium tuberculosis",TRBV14,TRBJ2-2,CASSHPGTGGTGELFF
"Mycobacterium tuberculosis",TRBV14,TRBJ2-7,CASSHTVDSYEQYF
"Mycobacterium tuberculosis",TRBV14,TRBJ2-1,CASSLLAGAPYNEQFF
"Mycobacterium tuberculosis",TRBV14,TRBJ1-4,CASSLRDSYNEKLFF
"Mycobacterium tuberculosis",TRBV14,TRBJ2-5,CASSPLAGGNQETQYF
"Mycobacterium tuberculosis",TRBV14,TRBJ2-1,CASSPVGAEQFF
"Mycobacterium tuberculosis",TRBV14,TRBJ1-1,CASSPVGSNTEAFF
"Mycobacterium tuberculosis",TRBV14,TRBJ2-5,CASSQDDETQYF
"Mycobacterium tuberculosis",TRBV14,TRBJ2-7,CASSQDGGLGPYEQYF
"Mycobacterium tuberculosis",TRBV14,TRBJ2-5,CASSQDLSERQETQYF
"Mycobacterium tuberculosis",TRBV14,TRBJ1-4,CASSQDRAKLFF
"Mycobacterium tuberculosis",TRBV14,TRBJ2-7,CASSQDRVEQYF
"Mycobacterium tuberculosis",TRBV14,TRBJ2-3,CASSQDSSGLDTQYF
"Mycobacterium tuberculosis",TRBV14,TRBJ1-1,CASSQDTGWTEAFF
"Mycobacterium tuberculosis",TRBV14,TRBJ2-7,CASSQDWTSWTDEQYF
"Mycobacterium tuberculosis",TRBV14,TRBJ2-7,CASSQGPAGGSYEQYF
"Mycobacterium tuberculosis",TRBV14,TRBJ1-1,CASSQIQGAKTEAFF
"Mycobacterium tuberculosis",TRBV14,TRBJ2-5,CASSQRGSQETQYF
"Mycobacterium tuberculosis",TRBV14,TRBJ1-6,CASSQSGHKNSPLHF
"Mycobacterium tuberculosis",TRBV14,TRBJ1-1,CASSQVGTEAFF
"Mycobacterium tuberculosis",TRBV27,TRBJ1-2,CASSLSSGYGYTF
"Mycobacterium tuberculosis",TRBV27,TRBJ2-1,CASSLSTRENEQFF
"Mycobacterium tuberculosis",TRBV27,TRBJ2-1,CASSLWGQGVNEQFF
"Mycobacterium tuberculosis",TRBV27,TRBJ1-1,CASSPGDGAFF
"Mycobacterium tuberculosis",TRBV27,TRBJ1-2,CASSPGHPYGYTF
"Mycobacterium tuberculosis",TRBV27,TRBJ1-1,CASSPPGQTEAFF
"Mycobacterium tuberculosis",TRBV27,TRBJ1-2,CASSSDRYYGYTF
"Mycobacterium tuberculosis",TRBV27,TRBJ2-2,CASSSGAGELFF
"Mycobacterium tuberculosis",TRBV27,TRBJ1-2,CASSSGQSNYGYTF
"Mycobacterium tuberculosis",TRBV27,TRBJ2-6,CASSSGRLSGANVLTF
"Mycobacterium tuberculosis",TRBV27,TRBJ1-1,CASSSQGLNTEAFF
"Mycobacterium tuberculosis",TRBV27,TRBJ2-7,CASSSSGTVYEQYF
"Mycobacterium tuberculosis",TRBV27,TRBJ1-1,CASSSTRNTEAFF
"Mycobacterium tuberculosis",TRBV27,TRBJ2-1,CASSTGNYNEQFF
"Mycobacterium tuberculosis",TRBV27,TRBJ1-1,CASSWGGHTEAFF
"Mycobacterium tuberculosis",TRBV27,TRBJ2-3,CASSYGGDTQYF
"Mycobacterium tuberculosis",TRBV28,TRBJ2-1,CAASASSYNEQFF
"Mycobacterium tuberculosis",TRBV28,TRBJ2-7,CAILRDFPYEQYF
"Mycobacterium tuberculosis",TRBV28,TRBJ2-7,CASGGGHLSYEQYF
"Mycobacterium tuberculosis",TRBV28,TRBJ2-2,CASRKPWRGNTGELFF
"Mycobacterium tuberculosis",TRBV28,TRBJ1-1,CASRTPHVTEAFF
"Mycobacterium tuberculosis",TRBV28,TRBJ2-5,CASSFLEETQYF
"Mycobacterium tuberculosis",TRBV28,TRBJ2-5,CASSFSSDQETQYF
"Mycobacterium tuberculosis",TRBV28,TRBJ2-6,CASSLDIGSSGANVLTF
"Mycobacterium tuberculosis",TRBV28,TRBJ2-7,CASSLGGQGYEQYF
"Mycobacterium tuberculosis",TRBV28,TRBJ2-6,CASSLGVSGANVLTF
"Mycobacterium tuberculosis",TRBV28,TRBJ2-1,CASSLIAGVNEQFF
"Mycobacterium tuberculosis",TRBV28,TRBJ1-1,CASSLLGNTEAFF
"Mycobacterium tuberculosis",TRBV28,TRBJ2-2,CASSLRDRETGELFF
"Mycobacterium tuberculosis",TRBV28,TRBJ1-3,CASSLVNRGRGNTIYF
"Mycobacterium tuberculosis",TRBV28,TRBJ2-7,CASSLVTYEQYF
"Mycobacterium tuberculosis",TRBV28,TRBJ1-5,CASSLWDVNNQPQHF
"Mycobacterium tuberculosis",TRBV28,TRBJ1-1,CASSSFPGITEAFF
"Mycobacterium tuberculosis",TRBV28,TRBJ2-2,CASSSRGAGELFF
"Mycobacterium tuberculosis",TRBV28,TRBJ2-1,CASSSWDWSYNEQFF
"Mycobacterium tuberculosis",TRBV28,TRBJ2-3,CASSWQGGYTDTQYF
"Mycobacterium tuberculosis",TRBV28,TRBJ1-5,CASSYRDGNQPQHF
"Mycobacterium tuberculosis",TRBV28,TRBJ2-7,CATSLGDEQYF
"Mycobacterium tuberculosis",TRBV29-1,TRBJ2-2,CSATGSDTGELFF
"Mycobacterium tuberculosis",TRBV29-1,TRBJ2-2,CSIKEVTGELFF
"Mycobacterium tuberculosis",TRBV29-1,TRBJ1-2,CSVAGADEAGYTF
"Mycobacterium tuberculosis",TRBV29-1,TRBJ1-1,CSVDDTEAFF
"Mycobacterium tuberculosis",TRBV29-1,TRBJ1-1,CSVDEGGFQAFF
"Mycobacterium tuberculosis",TRBV29-1,TRBJ1-1,CSVDSGPPEAFF
"Mycobacterium tuberculosis",TRBV29-1,TRBJ1-1,CSVDSGPPEAFF
"Mycobacterium tuberculosis",TRBV29-1,TRBJ2-1,CSVEDGRHPYNEQFF
"Mycobacterium tuberculosis",TRBV29-1,TRBJ2-1,CSVEDKGGGHNEQFF
"Mycobacterium tuberculosis",TRBV29-1,TRBJ2-3,CSVEDPDTRDTQYF
"Mycobacterium tuberculosis",TRBV29-1,TRBJ2-2,CSVEDPSGGNTGELFF
"Mycobacterium tuberculosis",TRBV29-1,TRBJ2-2,CSVEDPSGGNTGERFF
"Mycobacterium tuberculosis",TRBV29-1,TRBJ2-7,CSVEDSGQPYEQYF
"Mycobacterium tuberculosis",TRBV29-1,TRBJ1-1,CSVEGDENEAFF
"Mycobacterium tuberculosis",TRBV29-1,TRBJ2-7,CSVEGGFSYEQYF
"Mycobacterium tuberculosis",TRBV29-1,TRBJ1-2,CSVEGRDGHGYTF
"Mycobacterium tuberculosis",TRBV29-1,TRBJ2-5,CSVEGTGIQETQYF
"Mycobacterium tuberculosis",TRBV29-1,TRBJ2-1,CSVEGTSGNYNEQFF
"Mycobacterium tuberculosis",TRBV29-1,TRBJ2-1,CSVEILAWEQFF
"Mycobacterium tuberculosis",TRBV29-1,TRBJ2-3,CSVEPRGARTDTQYF
"Mycobacterium tuberculosis",TRBV29-1,TRBJ2-3,CSVESGLTDTQYF
"Mycobacterium tuberculosis",TRBV29-1,TRBJ1-3,CSVESGNTIYF
"Mycobacterium tuberculosis",TRBV29-1,TRBJ2-7,CSVGFGTGGYEQYF
"Mycobacterium tuberculosis",TRBV29-1,TRBJ1-2,CSVGGQVIGYTF
"Mycobacterium tuberculosis",TRBV29-1,TRBJ2-3,CSVGLSDTQYF
"Mycobacterium tuberculosis",TRBV29-1,TRBJ1-5,CSVGTGAKQPQHF
"Mycobacterium tuberculosis",TRBV29-1,TRBJ2-1,CSVHSYNEQFF
"Mycobacterium tuberculosis",TRBV29-1,TRBJ2-7,CSVQKGLQQYF
"Mycobacterium tuberculosis",TRBV29-1,TRBJ2-2,CSVVIGTGELFF
"Mycobacterium tuberculosis",TRBV29-1,TRBJ2-3,CSVVPISDTQYF
"Mycobacterium tuberculosis",TRBV29-1,TRBJ2-2,CSVWAAGELFF
"Mycobacterium tuberculosis",TRBV3-1,TRBJ1-2,CASLAPSGGYTF
"Mycobacterium tuberculosis",TRBV3-1,TRBJ2-3,CASSLGAPTDTQYF
"Mycobacterium tuberculosis",TRBV3-1,TRBJ1-4,CASSPDMEEKLFF
"Mycobacterium tuberculosis",TRBV3-1,TRBJ2-7,CASSPGHYEQYF
"Mycobacterium tuberculosis",TRBV3-1,TRBJ1-3,CASSPTYSGNTIYF
"Mycobacterium tuberculosis",TRBV3-1,TRBJ2-1,CASSQDFPNEQFF
"Mycobacterium tuberculosis",TRBV3-1,TRBJ2-5,CASSQDLGEETQYF
"Mycobacterium tuberculosis",TRBV3-1,TRBJ1-1,CASSQEPGQAFF
"Mycobacterium tuberculosis",TRBV3-1,TRBJ2-1,CASSQGDYTEFF
"Mycobacterium tuberculosis",TRBV3-1,TRBJ2-7,CASSQGGGASYEQYF
"Mycobacterium tuberculosis",TRBV3-1,TRBJ2-7,CATAAPNSYEQYF
"Mycobacterium tuberculosis",TRBV30,TRBJ1-1,CACGRNTEAFF
"Mycobacterium tuberculosis",TRBV30,TRBJ1-1,CACSGPRHTEAFF
"Mycobacterium tuberculosis",TRBV30,TRBJ2-1,CAFRGLASYNEQFF
"Mycobacterium tuberculosis",TRBV30,TRBJ2-3,CARGPSSTDTQYF
"Mycobacterium tuberculosis",TRBV30,TRBJ1-2,CAWAPGYTF
"Mycobacterium tuberculosis",TRBV30,TRBJ1-2,CAWAPGYTF
"Mycobacterium tuberculosis",TRBV30,TRBJ2-5,CAWGNSGETQYF
"Mycobacterium tuberculosis",TRBV30,TRBJ1-1,CAWIGGWTEAFF
"Mycobacterium tuberculosis",TRBV30,TRBJ1-5,CAWNTGRGNQPQHF
"Mycobacterium tuberculosis",TRBV30,TRBJ1-2,CAWSAGAAHGYTF
"Mycobacterium tuberculosis",TRBV30,TRBJ2-7,CAWSDSGSEQYF
"Mycobacterium tuberculosis",TRBV30,TRBJ2-7,CAWSPGTGNDEQYF
"Mycobacterium tuberculosis",TRBV30,TRBJ2-6,CAWSPLAGANVLTF
"Mycobacterium tuberculosis",TRBV30,TRBJ1-1,CAWSPNTEAFF
"Mycobacterium tuberculosis",TRBV30,TRBJ2-2,CAWSPVLAGELFF
"Mycobacterium tuberculosis",TRBV30,TRBJ1-2,CAWSSKTGGQGYTF
"Mycobacterium tuberculosis",TRBV30,TRBJ1-2,CAWSTGQGDGYTF
"Mycobacterium tuberculosis",TRBV30,TRBJ2-1,CAWSVGGTYNEQFF
"Mycobacterium tuberculosis",TRBV30,TRBJ1-2,CAWSVLEAPYGYTF
"Mycobacterium tuberculosis",TRBV30,TRBJ1-1,CAWSVQGGTEAFF
"Mycobacterium tuberculosis",TRBV30,TRBJ1-2,CAWSVTGGYGYTF
"Mycobacterium tuberculosis",TRBV30,TRBJ1-1,CAWSVWGLSEAFF
"Mycobacterium tuberculosis",TRBV30,TRBJ2-2,CAWSWAGELFF
"Mycobacterium tuberculosis",TRBV30,TRBJ1-1,CAWSYGTGEAFF
"Mycobacterium tuberculosis",TRBV30,TRBJ1-1,CAWSYGTGEAFF
"Mycobacterium tuberculosis",TRBV4-1,TRBJ2-1,CASGETSNEQFF
"Mycobacterium tuberculosis",TRBV4-1,TRBJ1-1,CASSFRDRDTEAFF
"Mycobacterium tuberculosis",TRBV4-1,TRBJ1-2,CASSFRDRGPYGYTF
"Mycobacterium tuberculosis",TRBV4-1,TRBJ2-3,CASSLGTASTDTQYF
"Mycobacterium tuberculosis",TRBV4-1,TRBJ2-7,CASSLHAGGYYEQYF
"Mycobacterium tuberculosis",TRBV4-1,TRBJ1-1,CASSLTGLEAFF
"Mycobacterium tuberculosis",TRBV4-1,TRBJ1-1,CASSLTGSEAFF
"Mycobacterium tuberculosis",TRBV4-1,TRBJ2-5,CASSPPGQETQYF
"Mycobacterium tuberculosis",TRBV4-1,TRBJ2-3,CASSPRESGTDTQYF
"Mycobacterium tuberculosis",TRBV4-1,TRBJ1-1,CASSQAGQGAFAFF
"Mycobacterium tuberculosis",TRBV4-1,TRBJ1-1,CASSQASGSEAFF
"Mycobacterium tuberculosis",TRBV4-1,TRBJ2-7,CASSQDGQGAYEQYF
"Mycobacterium tuberculosis",TRBV4-1,TRBJ1-1,CASSQDGTGANTEAFF
"Mycobacterium tuberculosis",TRBV4-1,TRBJ2-7,CASSQDHTDYEQYF
"Mycobacterium tuberculosis",TRBV4-1,TRBJ1-1,CASSQDPGEAFF
"Mycobacterium tuberculosis",TRBV4-1,TRBJ2-7,CASSQDQTGAYEQYF
"Mycobacterium tuberculosis",TRBV4-1,TRBJ2-3,CASSQDRGGGFTDTQYF
"Mycobacterium tuberculosis",TRBV4-1,TRBJ2-2,CASSQDRQGGNTGELFF
"Mycobacterium tuberculosis",TRBV4-1,TRBJ2-7,CASSQDSDGYYEQYF
"Mycobacterium tuberculosis",TRBV4-1,TRBJ2-1,CASSQDSGGEQFF
"Mycobacterium tuberculosis",TRBV20-1,TRBJ2-1,CSAAGTGDNEQFF
"Mycobacterium tuberculosis",TRBV20-1,TRBJ1-1,CSAATGSPTEAFF
"Mycobacterium tuberculosis",TRBV20-1,TRBJ2-1,CSAEQGAYEQFF
"Mycobacterium tuberculosis",TRBV20-1,TRBJ2-1,CSAFSGAIYNEQFF
"Mycobacterium tuberculosis",TRBV20-1,TRBJ2-5,CSAFSGQETQYF
"Mycobacterium tuberculosis",TRBV20-1,TRBJ1-2,CSAGGVHYGYTF
"Mycobacterium tuberculosis",TRBV20-1,TRBJ1-1,CSAITGTAEAFF
"Mycobacterium tuberculosis",TRBV20-1,TRBJ2-7,CSAPGAYEQYF
"Mycobacterium tuberculosis",TRBV20-1,TRBJ2-7,CSAPGSITYEQYF
"Mycobacterium tuberculosis",TRBV20-1,TRBJ1-1,CSAQGRQITEAFF
"Mycobacterium tuberculosis",TRBV20-1,TRBJ1-4,CSAQLTSTNEKLFF
"Mycobacterium tuberculosis",TRBV20-1,TRBJ2-5,CSARAPRETQYF
"Mycobacterium tuberculosis",TRBV20-1,TRBJ2-1,CSARASGSGFNEQFF
"Mycobacterium tuberculosis",TRBV20-1,TRBJ2-3,CSARDFGDTQYF
"Mycobacterium tuberculosis",TRBV20-1,TRBJ2-1,CSARDLARGFEQFF
"Mycobacterium tuberculosis",TRBV20-1,TRBJ1-2,CSARDPDRANYGYTF
"Mycobacterium tuberculosis",TRBV20-1,TRBJ2-1,CSARDPGTYNEQFF
"Mycobacterium tuberculosis",TRBV20-1,TRBJ2-5,CSARDPTSRYQETQYF
"Mycobacterium tuberculosis",TRBV20-1,TRBJ1-4,CSARDRGVNEKLFF
"Mycobacterium tuberculosis",TRBV20-1,TRBJ1-4,CSARDSGSFNEKLFF
"Mycobacterium tuberculosis",TRBV20-1,TRBJ1-1,CSARDWDRVNTEAFF
"Mycobacterium tuberculosis",TRBV20-1,TRBJ2-2,CSAREGGSDTGELFF
"Mycobacterium tuberculosis",TRBV20-1,TRBJ2-7,CSARGDRGDLYEQYF
"Mycobacterium tuberculosis",TRBV20-1,TRBJ1-3,CSARGGIGNTIYF
"Mycobacterium tuberculosis",TRBV20-1,TRBJ2-7,CSARGGTDYEQYF
"Mycobacterium tuberculosis",TRBV20-1,TRBJ2-5,CSARGPSVQETQYF
"Mycobacterium tuberculosis",TRBV20-1,TRBJ1-2,CSARGQLNYGYTF
"Mycobacterium tuberculosis",TRBV20-1,TRBJ2-7,CSARGRDRGAGEQYF
"Mycobacterium tuberculosis",TRBV20-1,TRBJ2-7,CSARGRDYEQYF
"Mycobacterium tuberculosis",TRBV20-1,TRBJ2-2,CSARGREGELFF
"Mycobacterium tuberculosis",TRBV20-1,TRBJ2-7,CSARGSGLEQYF
"Mycobacterium tuberculosis",TRBV20-1,TRBJ2-7,CSARHSEQYF
"Mycobacterium tuberculosis",TRBV20-1,TRBJ1-1,CSARLLEAFF
"Mycobacterium tuberculosis",TRBV20-1,TRBJ2-5,CSARRQYQETQYF
"Mycobacterium tuberculosis",TRBV20-1,TRBJ2-7,CSARSGTSVEQYF
"Mycobacterium tuberculosis",TRBV20-1,TRBJ2-4,CSARSRDRGNIQYF
"Mycobacterium tuberculosis",TRBV20-1,TRBJ2-1,CSARSRFHEQFF
"Mycobacterium tuberculosis",TRBV20-1,TRBJ2-7,CSARVGAAYEQYF
"Mycobacterium tuberculosis",TRBV20-1,TRBJ2-1,CSARVLAGYNEQFF
"Mycobacterium tuberculosis",TRBV20-1,TRBJ2-3,CSARVPDRVTDTQYF
"Mycobacterium tuberculosis",TRBV20-1,TRBJ2-1,CSARWSHSYNEQFF
"Mycobacterium tuberculosis",TRBV20-1,TRBJ2-7,CSASGTDSSYEQYF
"Mycobacterium tuberculosis",TRBV20-1,TRBJ2-7,CSASQVEGYEQYF
"Mycobacterium tuberculosis",TRBV20-1,TRBJ1-1,CSASVGQHTEAFF
"Mycobacterium tuberculosis",TRBV20-1,TRBJ2-7,CSAVWGDGYEQYF
"Mycobacterium tuberculosis",TRBV20-1,TRBJ1-2,CSLATGGPSGYTF
"Mycobacterium tuberculosis",TRBV20-1,TRBJ2-4,CSVATVAKNIQYF
"Mycobacterium tuberculosis",TRBV20-1,TRBJ1-2,CSVGTGGDLYGYTF
"Mycobacterium tuberculosis",TRBV21-1,TRBJ2-1,CASRSGTGSNEQFF
"Mycobacterium tuberculosis",TRBV21-1,TRBJ1-2,CASSKGPARDGYTF
"Mycobacterium tuberculosis",TRBV21-1,TRBJ2-1,CASSNRGRRDEQFF
"Mycobacterium tuberculosis",TRBV23-1,TRBJ2-1,CASGKTVNEQFF
"Mycobacterium tuberculosis",TRBV23-1,TRBJ1-2,CASKGENYGYTF
"Mycobacterium tuberculosis",TRBV23-1,TRBJ2-7,CASSQRLAGVYYEQYF
"Mycobacterium tuberculosis",TRBV23-1,TRBJ1-2,CASSQSSGGNYGYTF
"Mycobacterium tuberculosis",TRBV23-1,TRBJ2-3,CASSQSTSSTDTQYF
"Mycobacterium tuberculosis",TRBV24-1,TRBJ1-5,CASSDWGEGNQPQHF
"Mycobacterium tuberculosis",TRBV24-1,TRBJ2-7,CATGDGTEQYF
"Mycobacterium tuberculosis",TRBV24-1,TRBJ2-7,CATSDDYEQYF
"Mycobacterium tuberculosis",TRBV24-1,TRBJ2-7,CATSDDYEQYF
"Mycobacterium tuberculosis",TRBV24-1,TRBJ2-7,CATSDELTYEQYF
"Mycobacterium tuberculosis",TRBV24-1,TRBJ2-5,CATSDFEGAQETQYF
"Mycobacterium tuberculosis",TRBV24-1,TRBJ2-1,CATSDGDEQFF
"Mycobacterium tuberculosis",TRBV24-1,TRBJ2-4,CATSDGTGNANIQYF
"Mycobacterium tuberculosis",TRBV24-1,TRBJ1-2,CATSDGTVNYGYTF
"Mycobacterium tuberculosis",TRBV24-1,TRBJ2-5,CATSDLAGEETQYF
"Mycobacterium tuberculosis",TRBV24-1,TRBJ2-2,CATSDLETTNTGELFF
"Mycobacterium tuberculosis",TRBV24-1,TRBJ2-7,CATSDLRNGEQYF
"Mycobacterium tuberculosis",TRBV24-1,TRBJ2-2,CATSDQDRNTGELFF
"Mycobacterium tuberculosis",TRBV24-1,TRBJ2-5,CATSDQETQYF
"Mycobacterium tuberculosis",TRBV24-1,TRBJ2-3,CATSDSGRESTDTQYF
"Mycobacterium tuberculosis",TRBV24-1,TRBJ2-5,CATSDSRGETQYF
"Mycobacterium tuberculosis",TRBV24-1,TRBJ2-1,CATSDVGTDNEQFF
"Mycobacterium tuberculosis",TRBV24-1,TRBJ2-5,CATSEAGEETQYF
"Mycobacterium tuberculosis",TRBV24-1,TRBJ2-1,CATSELADYNEQFF
"Mycobacterium tuberculosis",TRBV24-1,TRBJ1-1,CATSGPNTEAFF
"Mycobacterium tuberculosis",TRBV24-1,TRBJ1-1,CATSGPNTEAFF
"Mycobacterium tuberculosis",TRBV24-1,TRBJ2-1,CATSGVNNEQFF
"Mycobacterium tuberculosis",TRBV24-1,TRBJ2-1,CATSPQNNEQFF
"Mycobacterium tuberculosis",TRBV24-1,TRBJ2-1,CATSVAEGLPNEQFF
"Mycobacterium tuberculosis",TRBV24-1,TRBJ2-1,CATSVAGDVDEQFF
"Mycobacterium tuberculosis",TRBV24-1,TRBJ2-1,CATSVGNEQFF
"Mycobacterium tuberculosis",TRBV25-1,TRBJ1-1,CASISGTEAFF
"Mycobacterium tuberculosis",TRBV25-1,TRBJ1-1,CASNGDSNTEAFF
"Mycobacterium tuberculosis",TRBV25-1,TRBJ2-3,CASSDFPTGTTDTQYF
"Mycobacterium tuberculosis",TRBV25-1,TRBJ1-6,CASSDLGQDNSPLHF
"Mycobacterium tuberculosis",TRBV25-1,TRBJ2-1,CASSDTAQGDNEQFF
"Mycobacterium tuberculosis",TRBV25-1,TRBJ2-7,CASSDYEQYF
"Mycobacterium tuberculosis",TRBV25-1,TRBJ1-1,CASSEGPLDTEAFF
"Mycobacterium tuberculosis",TRBV25-1,TRBJ2-4,CASSELAGGENIQYF
"Mycobacterium tuberculosis",TRBV25-1,TRBJ2-5,CASSEMASEGTQYF
"Mycobacterium tuberculosis",TRBV25-1,TRBJ2-6,CASSESGANVLTF
"Mycobacterium tuberculosis",TRBV25-1,TRBJ1-1,CASSESGGNTEAFF
"Mycobacterium tuberculosis",TRBV25-1,TRBJ1-5,CASSESTSGQPQHF
"Mycobacterium tuberculosis",TRBV25-1,TRBJ2-7,CASSETGTELYEQYF
"Mycobacterium tuberculosis",TRBV25-1,TRBJ1-1,CASSEYREPTEAFF
"Mycobacterium tuberculosis",TRBV25-1,TRBJ2-3,CASSGPGQGSDTQYF
"Mycobacterium tuberculosis",TRBV25-1,TRBJ2-1,CASSPDNNEQFF
"Mycobacterium tuberculosis",TRBV25-1,TRBJ2-2,CASSPSADTGELFF
"Mycobacterium tuberculosis",TRBV25-1,TRBJ2-1,CASSQTYEQFF
"Mycobacterium tuberculosis",TRBV25-1,TRBJ1-6,CASSRDDWYNSPLHF
"Mycobacterium tuberculosis",TRBV25-1,TRBJ1-1,CASSSRFTEAFF
"Mycobacterium tuberculosis",TRBV25-1,TRBJ2-7,CASSTRLASEEQYF
"Mycobacterium tuberculosis",TRBV25-1,TRBJ2-5,CASSVTSTGETQYF
"Mycobacterium tuberculosis",TRBV27,TRBJ1-1,CASFGGIEAFF
"Mycobacterium tuberculosis",TRBV27,TRBJ1-1,CASKHAEAFF
"Mycobacterium tuberculosis",TRBV27,TRBJ1-1,CASRGSNTEAFF
"Mycobacterium tuberculosis",TRBV27,TRBJ2-5,CASRGTEETQYF
"Mycobacterium tuberculosis",TRBV27,TRBJ1-2,CASSAGQNYGYTF
"Mycobacterium tuberculosis",TRBV27,TRBJ2-7,CASSAGRAYEQYF
"Mycobacterium tuberculosis",TRBV27,TRBJ2-1,CASSESSYNEQFF
"Mycobacterium tuberculosis",TRBV27,TRBJ1-1,CASSFTGPAEAFF
"Mycobacterium tuberculosis",TRBV27,TRBJ1-2,CASSGGGFGYTF
"Mycobacterium tuberculosis",TRBV27,TRBJ1-1,CASSLGMNTEAFF
"Mycobacterium tuberculosis",TRBV27,TRBJ1-2,CASSLIGSDGYTF
"Mycobacterium tuberculosis",TRBV27,TRBJ2-1,CASSLKGLGEQFF
"Mycobacterium tuberculosis",TRBV27,TRBJ1-1,CASSLSDGEAFF
"Mycobacterium tuberculosis",TRBV27,TRBJ1-1,CASSLSGNTEAFF
"Mycobacterium tuberculosis",TRBV27,TRBJ1-1,CASSLSGSDTEAFF
"Mycobacterium tuberculosis",TRBV27,TRBJ2-7,CASSLSGVGEQYF
"Mycobacterium tuberculosis",TRBV27,TRBJ1-1,CASSLSIRGGTEAFF
"Mycobacterium tuberculosis",TRBV27,TRBJ2-7,CASSLSLTGGYEQYF
"Mycobacterium tuberculosis",TRBV27,TRBJ1-2,CASSLSPLYGYTF
"Mycobacterium tuberculosis",TRBV27,TRBJ2-4,CASSLSRGDIQYF
"Mycobacterium tuberculosis",TRBV27,TRBJ2-1,CASSLSRTRYEQFF
"Mycobacterium tuberculosis",TRBV4-1,TRBJ2-1,CASSQDSGGGQFF
"Mycobacterium tuberculosis",TRBV4-1,TRBJ1-2,CASSQDSGLLYGYTF
"Mycobacterium tuberculosis",TRBV4-1,TRBJ2-1,CASSQDSLYNEQFF
"Mycobacterium tuberculosis",TRBV4-1,TRBJ2-1,CASSQDVGLHNEQFF
"Mycobacterium tuberculosis",TRBV4-1,TRBJ1-1,CASSQEGVMNTEAFF
"Mycobacterium tuberculosis",TRBV4-1,TRBJ1-1,CASSQEGVMNTEAFL
"Mycobacterium tuberculosis",TRBV4-1,TRBJ2-7,CASSQEKLSYEQYF
"Mycobacterium tuberculosis",TRBV4-1,TRBJ1-5,CASSQELFQPQHF
"Mycobacterium tuberculosis",TRBV4-1,TRBJ2-7,CASSQELRAYEQYF
"Mycobacterium tuberculosis",TRBV4-1,TRBJ2-5,CASSQEVREETQYF
"Mycobacterium tuberculosis",TRBV4-1,TRBJ1-1,CASSQEVRGPEAFF
"Mycobacterium tuberculosis",TRBV4-1,TRBJ2-7,CASSQEWSTTYEQYF
"Mycobacterium tuberculosis",TRBV4-1,TRBJ1-6,CASSQGADNSPLHF
"Mycobacterium tuberculosis",TRBV4-1,TRBJ2-7,CASSQGDRQYEQYF
"Mycobacterium tuberculosis",TRBV4-1,TRBJ1-1,CASSQGGERKAFF
"Mycobacterium tuberculosis",TRBV4-1,TRBJ1-2,CASSQGGVGYGYTF
"Mycobacterium tuberculosis",TRBV4-1,TRBJ1-5,CASSQGLNQPQHF
"Mycobacterium tuberculosis",TRBV4-1,TRBJ2-7,CASSQGQSYEQYF
"Mycobacterium tuberculosis",TRBV4-1,TRBJ1-1,CASSQGRVQNTEAFF
"Mycobacterium tuberculosis",TRBV4-1,TRBJ2-3,CASSQGSTNTQYF
"Mycobacterium tuberculosis",TRBV4-1,TRBJ2-7,CASSQGTQSSYEQYF
"Mycobacterium tuberculosis",TRBV4-1,TRBJ1-1,CASSQGWGNTEAFF
"Mycobacterium tuberculosis",TRBV4-1,TRBJ1-1,CASSQGWQATEAFF
"Mycobacterium tuberculosis",TRBV4-1,TRBJ2-1,CASSQIRTDEQFF
"Mycobacterium tuberculosis",TRBV4-1,TRBJ2-1,CASSQLHNEQFF
"Mycobacterium tuberculosis",TRBV4-1,TRBJ1-5,CASSQNPWTGNQPQHF
"Mycobacterium tuberculosis",TRBV4-1,TRBJ2-7,CASSQPGLAAYEQYF
"Mycobacterium tuberculosis",TRBV4-1,TRBJ1-2,CASSQPGSNYGYTF
"Mycobacterium tuberculosis",TRBV4-1,TRBJ2-5,CASSQRSGAFETQYF
"Mycobacterium tuberculosis",TRBV4-1,TRBJ2-1,CASSQTGGSIEQFF
"Mycobacterium tuberculosis",TRBV5-1,TRBJ1-2,CASSAGQGGGYTF
"Mycobacterium tuberculosis",TRBV5-1,TRBJ2-7,CASSAGTSAHYEQYF
"Mycobacterium tuberculosis",TRBV5-1,TRBJ2-5,CASSAWGLQETQYF
"Mycobacterium tuberculosis",TRBV5-1,TRBJ2-7,CASSFGDSPYEQYF
"Mycobacterium tuberculosis",TRBV5-1,TRBJ1-1,CASSFLGAEAFF
"Mycobacterium tuberculosis",TRBV5-1,TRBJ2-1,CASSFRGRGNNEQFF
"Mycobacterium tuberculosis",TRBV5-1,TRBJ2-7,CASSFRGSYEQYF
"Mycobacterium tuberculosis",TRBV5-1,TRBJ2-6,CASSFYSGANVLTF
"Mycobacterium tuberculosis",TRBV5-1,TRBJ1-1,CASSGSNTEAFF
"Mycobacterium tuberculosis",TRBV5-1,TRBJ2-5,CASSLAEETQYF
"Mycobacterium tuberculosis",TRBV5-1,TRBJ2-7,CASSLAGGSGEQYF
"Mycobacterium tuberculosis",TRBV5-1,TRBJ1-5,CASSLDGASNQPQHF
"Mycobacterium tuberculosis",TRBV5-1,TRBJ1-1,CASSLDLTSNTEAFF
"Mycobacterium tuberculosis",TRBV5-1,TRBJ2-7,CASSLDSGAYEQYF
"Mycobacterium tuberculosis",TRBV5-1,TRBJ2-4,CASSLEAGGKNIQYF
"Mycobacterium tuberculosis",TRBV5-1,TRBJ1-5,CASSLEGINQPQHF
"Mycobacterium tuberculosis",TRBV5-1,TRBJ2-7,CASSLEGIYEQYF
"Mycobacterium tuberculosis",TRBV5-1,TRBJ2-7,CASSLEGQGSYEQYF
"Mycobacterium tuberculosis",TRBV5-1,TRBJ1-2,CASSLEGTGSGYTF
"Mycobacterium tuberculosis",TRBV5-1,TRBJ2-7,CASSLEVGTYEQYF
"Mycobacterium tuberculosis",TRBV5-1,TRBJ2-7,CASSLGGAPEQYF
"Mycobacterium tuberculosis",TRBV5-1,TRBJ2-1,CASSLGLAIGEQFF
"Mycobacterium tuberculosis",TRBV5-1,TRBJ2-1,CASSLGNEQFF
"Mycobacterium tuberculosis",TRBV5-1,TRBJ2-4,CASSLGNIQYF
"Mycobacterium tuberculosis",TRBV5-1,TRBJ1-2,CASSLGQTNYGYTF
"Mycobacterium tuberculosis",TRBV5-1,TRBJ1-4,CASSLGRDRAKKLFF
"Mycobacterium tuberculosis",TRBV5-1,TRBJ2-7,CASSLGSGYEQYF
"Mycobacterium tuberculosis",TRBV5-1,TRBJ1-2,CASSLGTAGYTF
"Mycobacterium tuberculosis",TRBV5-1,TRBJ2-7,CASSLIGATSYEQYF
"Mycobacterium tuberculosis",TRBV5-1,TRBJ1-1,CASSLLGGDTEAFF
"Mycobacterium tuberculosis",TRBV5-1,TRBJ1-1,CASSLNDEAFF
"Mycobacterium tuberculosis",TRBV5-1,TRBJ2-1,CASSLNEGEQFF
"Mycobacterium tuberculosis",TRBV5-1,TRBJ2-1,CASSLNEGGQFF
"Mycobacterium tuberculosis",TRBV5-1,TRBJ2-3,CASSLSGGTDTQYF
"Mycobacterium tuberculosis",TRBV5-1,TRBJ2-1,CASSLVDRGWDEQFF
"Mycobacterium tuberculosis",TRBV5-1,TRBJ1-1,CASSLVGGNTEAFF
"Mycobacterium tuberculosis",TRBV5-1,TRBJ1-2,CASSLVPYYGYTF
"Mycobacterium tuberculosis",TRBV5-1,TRBJ1-2,CASSLVPYYGYTS
"Mycobacterium tuberculosis",TRBV5-1,TRBJ1-1,CASSLVSLNTEAFF
"Mycobacterium tuberculosis",TRBV5-1,TRBJ2-7,CASSPRDATYEQYF
"Mycobacterium tuberculosis",TRBV5-1,TRBJ2-7,CASSPSYEQYF
"Mycobacterium tuberculosis",TRBV5-1,TRBJ2-7,CASSQDRVSYEQYF
"Mycobacterium tuberculosis",TRBV5-1,TRBJ2-7,CASSQGGYEQYF
"Mycobacterium tuberculosis",TRBV5-1,TRBJ1-2,CASSSAGDYGYTF
"Mycobacterium tuberculosis",TRBV5-1,TRBJ2-7,CASSSPGRYEQYF
"Mycobacterium tuberculosis",TRBV5-1,TRBJ2-5,CASSSPKETQYF
"Mycobacterium tuberculosis",TRBV5-1,TRBJ2-1,CASSSRDYYNEQFF
"Mycobacterium tuberculosis",TRBV5-1,TRBJ2-1,CASSSTGGSYNEQFF
"Mycobacterium tuberculosis",TRBV5-1,TRBJ2-1,CASSTAGGRNEQFF
"Mycobacterium tuberculosis",TRBV5-1,TRBJ2-7,CASSWGAEQYF
"Mycobacterium tuberculosis",TRBV5-1,TRBJ1-1,CASSWGKVNTEAFF
"Mycobacterium tuberculosis",TRBV5-1,TRBJ2-7,CASSWGTEQYF
"Mycobacterium tuberculosis",TRBV5-2,TRBJ1-2,CASSLTSRGHYGYTF
"Mycobacterium tuberculosis",TRBV5-4,TRBJ1-2,CASSFDQGNGYTF
"Mycobacterium tuberculosis",TRBV5-4,TRBJ1-2,CASSFSGTGYGYTF
"Mycobacterium tuberculosis",TRBV5-4,TRBJ2-7,CASSGNPAGQYF
"Mycobacterium tuberculosis",TRBV5-4,TRBJ2-7,CASSLAAGYEQYF
"Mycobacterium tuberculosis",TRBV5-4,TRBJ1-1,CASSLAQSEAFF
"Mycobacterium tuberculosis",TRBV5-4,TRBJ1-2,CASSLEADYGYTF
"Mycobacterium tuberculosis",TRBV5-4,TRBJ1-6,CASSLEEQGPLHF
"Mycobacterium tuberculosis",TRBV5-4,TRBJ2-1,CASSLELSYNEQFF
"Mycobacterium tuberculosis",TRBV5-4,TRBJ2-1,CASSLEYRDNEQFF
"Mycobacterium tuberculosis",TRBV5-4,TRBJ1-1,CASSLFGMGGTEAFF
"Mycobacterium tuberculosis",TRBV5-4,TRBJ1-5,CASSLGDGYSNQPQHF
"Mycobacterium tuberculosis",TRBV5-4,TRBJ1-2,CASSLGGGLRYGYTF
"Mycobacterium tuberculosis",TRBV5-4,TRBJ1-1,CASSLGGGNTEAFF
"Mycobacterium tuberculosis",TRBV5-4,TRBJ1-1,CASSLGGGTEAFF
"Mycobacterium tuberculosis",TRBV5-4,TRBJ2-7,CASSLGPTYEQYF
"Mycobacterium tuberculosis",TRBV5-4,TRBJ2-7,CASSLGQGIWEQYF
"Mycobacterium tuberculosis",TRBV5-4,TRBJ1-4,CASSLGQGNEKLFF
"Mycobacterium tuberculosis",TRBV5-4,TRBJ1-5,CASSLGRGGNQPQHF
"Mycobacterium tuberculosis",TRBV5-4,TRBJ2-2,CASSLGSGELFF
"Mycobacterium tuberculosis",TRBV5-4,TRBJ2-1,CASSLGSSGQFF
"Mycobacterium tuberculosis",TRBV5-4,TRBJ1-1,CASSLGTTTEAFF
"Mycobacterium tuberculosis",TRBV5-4,TRBJ2-7,CASSLGVSYEQYF
"Mycobacterium tuberculosis",TRBV5-4,TRBJ1-1,CASSLGVTEAFF
"Mycobacterium tuberculosis",TRBV5-4,TRBJ1-5,CASSLGVYSNQPQHF
"Mycobacterium tuberculosis",TRBV5-4,TRBJ2-7,CASSLGWTYEQYF
"Mycobacterium tuberculosis",TRBV5-4,TRBJ2-7,CASSLGYEQYF
"Mycobacterium tuberculosis",TRBV5-4,TRBJ1-1,CASSLLNTEAFF
"Mycobacterium tuberculosis",TRBV5-4,TRBJ2-1,CASSLLQGWAYNEQFF
"Mycobacterium tuberculosis",TRBV5-4,TRBJ1-5,CASSLRPSGQPQHF
"Mycobacterium tuberculosis",TRBV5-4,TRBJ1-5,CASSLSTGVRPQHF
"Mycobacterium tuberculosis",TRBV5-4,TRBJ1-5,CASSLVGNSNQPQHF
"Mycobacterium tuberculosis",TRBV5-4,TRBJ2-3,CASSLVGWGPDTQYF
"Mycobacterium tuberculosis",TRBV5-4,TRBJ1-1,CASSLVKNTEAFF
"Mycobacterium tuberculosis",TRBV5-4,TRBJ2-1,CASSLVPDNEQFF
"Mycobacterium tuberculosis",TRBV5-4,TRBJ2-3,CASSLVRTDTQYF
"Mycobacterium tuberculosis",TRBV5-4,TRBJ1-6,CASSLVYRTSSPLHF
"Mycobacterium tuberculosis",TRBV5-4,TRBJ1-1,CASSLWDNRDTEAFF
"Mycobacterium tuberculosis",TRBV5-4,TRBJ2-1,CASSLWRNEQFF
"Mycobacterium tuberculosis",TRBV5-4,TRBJ2-7,CASSSGDYEQYF
"Mycobacterium tuberculosis",TRBV5-5,TRBJ2-7,CASSLGNEQYF
"Mycobacterium tuberculosis",TRBV5-5,TRBJ1-1,CASSRGQNTEAFF
"Mycobacterium tuberculosis",TRBV5-6,TRBJ1-6,CADPIQNTNAGKSTF
"Mycobacterium tuberculosis",TRBV5-6,TRBJ1-1,CASANTEAFF
"Mycobacterium tuberculosis",TRBV5-6,TRBJ1-2,CASMFELYGYTF
"Mycobacterium tuberculosis",TRBV5-6,TRBJ1-1,CASQMGTEAFF
"Mycobacterium tuberculosis",TRBV5-6,TRBJ2-7,CASSLGANEQYF
"Mycobacterium tuberculosis",TRBV5-6,TRBJ2-1,CASSLGNEQFF
"Mycobacterium tuberculosis",TRBV5-6,TRBJ2-7,CASSLGQSYEQYF
"Mycobacterium tuberculosis",TRBV5-6,TRBJ1-1,CASSLGSLEAFF
"Mycobacterium tuberculosis",TRBV5-6,TRBJ2-3,CASSLSGDNTQYF
"Mycobacterium tuberculosis",TRBV5-6,TRBJ1-1,CASSLWGANTEAFF
"Mycobacterium tuberculosis",TRBV5-6,TRBJ2-7,CASSPPEDSYEQYF
"Mycobacterium tuberculosis",TRBV5-6,TRBJ2-3,CASSSGLAPDTQYF
"Mycobacterium tuberculosis",TRBV5-6,TRBJ2-7,CASSWADSSYEQYF
"Mycobacterium tuberculosis",TRBV5-7,TRBJ2-1,CASSLGRVNEQFF
"Mycobacterium tuberculosis",TRBV5-7,TRBJ1-1,CASSPGVAEAFF
"Mycobacterium tuberculosis",TRBV5-8,TRBJ2-1,CASGYNEQFF
"Mycobacterium tuberculosis",TRBV5-8,TRBJ2-2,CASSLDLGGEELFF
"Mycobacterium tuberculosis",TRBV5-8,TRBJ1-1,CASSPRQGSVTEAFF
"Mycobacterium tuberculosis",TRBV5-8,TRBJ2-7,CASSSGPYEQYF
"Mycobacterium tuberculosis",TRBV6-1,TRBJ1-1,CASAGTEAFF
"Mycobacterium tuberculosis",TRBV6-1,TRBJ1-1,CASGTEAFF
"Mycobacterium tuberculosis",TRBV6-1,TRBJ1-1,CASRPLGNTEAFF
"Mycobacterium tuberculosis",TRBV6-1,TRBJ1-1,CASSANRNTEAFF
"Mycobacterium tuberculosis",TRBV6-1,TRBJ2-3,CASSEEGITDTQYF
"Mycobacterium tuberculosis",TRBV6-1,TRBJ2-7,CASSEGTGVYEQYF
"Mycobacterium tuberculosis",TRBV6-1,TRBJ2-7,CASSEVGEGSYF
"Mycobacterium tuberculosis",TRBV6-1,TRBJ1-1,CASSLDPNTEAFF
"Mycobacterium tuberculosis",TRBV6-1,TRBJ2-6,CASTGAEANVLTF
"Mycobacterium tuberculosis",TRBV6-1,TRBJ2-7,CASTTGGEQYF
"Mycobacterium tuberculosis",TRBV4-1,TRBJ1-2,CASSQVEGSNYGYTF
"Mycobacterium tuberculosis",TRBV4-1,TRBJ2-7,CASSQVLADTYEQYF
"Mycobacterium tuberculosis",TRBV4-1,TRBJ2-7,CASSQVQGLEQYF
"Mycobacterium tuberculosis",TRBV4-1,TRBJ1-3,CASSQVRGGNTIYF
"Mycobacterium tuberculosis",TRBV4-1,TRBJ2-7,CASSQVVGTSYEQYF
"Mycobacterium tuberculosis",TRBV4-1,TRBJ2-2,CASSRESGELFF
"Mycobacterium tuberculosis",TRBV4-1,TRBJ1-1,CASSRGFTEAFF
"Mycobacterium tuberculosis",TRBV4-1,TRBJ1-1,CASSRRQGSTEAFF
"Mycobacterium tuberculosis",TRBV4-2,TRBJ1-1,CASIQGGGEAFF
"Mycobacterium tuberculosis",TRBV4-2,TRBJ2-1,CASLLAGSFNEQFF
"Mycobacterium tuberculosis",TRBV4-2,TRBJ2-7,CASSAGRASYEQYF
"Mycobacterium tuberculosis",TRBV4-2,TRBJ2-1,CASSEGQGVLFF
"Mycobacterium tuberculosis",TRBV4-2,TRBJ2-7,CASSHRDIQDEQYF
"Mycobacterium tuberculosis",TRBV4-2,TRBJ2-1,CASSHRDNEQFF
"Mycobacterium tuberculosis",TRBV4-2,TRBJ1-6,CASSLDGPLHF
"Mycobacterium tuberculosis",TRBV4-2,TRBJ1-2,CASSLDRVDYTF
"Mycobacterium tuberculosis",TRBV4-2,TRBJ2-5,CASSLIGGGAETQYF
"Mycobacterium tuberculosis",TRBV4-2,TRBJ1-1,CASSLLDGLEAFF
"Mycobacterium tuberculosis",TRBV4-2,TRBJ2-5,CASSLPTGMETQYF
"Mycobacterium tuberculosis",TRBV4-2,TRBJ2-1,CASSLRDNEQFF
"Mycobacterium tuberculosis",TRBV4-2,TRBJ1-2,CASSLRDRVYGYTF
"Mycobacterium tuberculosis",TRBV4-2,TRBJ2-1,CASSLTGEEVDEQFF
"Mycobacterium tuberculosis",TRBV4-2,TRBJ1-1,CASSLTGGETEAFF
"Mycobacterium tuberculosis",TRBV4-2,TRBJ2-3,CASSPAPNTDTQYF
"Mycobacterium tuberculosis",TRBV4-2,TRBJ1-1,CASSPATRGDTEAFF
"Mycobacterium tuberculosis",TRBV4-2,TRBJ1-1,CASSPDRGNTEAFF
"Mycobacterium tuberculosis",TRBV4-2,TRBJ1-1,CASSPDRGTEAFF
"Mycobacterium tuberculosis",TRBV4-2,TRBJ1-4,CASSPGAGVLEKLFF
"Mycobacterium tuberculosis",TRBV4-2,TRBJ2-2,CASSPGGGDTGELFF
"Mycobacterium tuberculosis",TRBV4-2,TRBJ2-5,CASSPGGTQETQYF
"Mycobacterium tuberculosis",TRBV4-2,TRBJ2-4,CASSPGQTLAKNIQYF
"Mycobacterium tuberculosis",TRBV4-2,TRBJ1-5,CASSPGSNQPQHF
"Mycobacterium tuberculosis",TRBV4-2,TRBJ2-5,CASSPGTSGRDQETQYF
"Mycobacterium tuberculosis",TRBV4-2,TRBJ2-7,CASSPLRFSYEQYF
"Mycobacterium tuberculosis",TRBV4-2,TRBJ2-7,CASSPPAGDEQYF
"Mycobacterium tuberculosis",TRBV4-2,TRBJ2-3,CASSPPGEDTQYF
"Mycobacterium tuberculosis",TRBV4-2,TRBJ1-1,CASSPPGGNTEAFF
"Mycobacterium tuberculosis",TRBV4-2,TRBJ1-5,CASSPPQHF
"Mycobacterium tuberculosis",TRBV4-2,TRBJ1-1,CASSPQGVNTEAFF
"Mycobacterium tuberculosis",TRBV4-2,TRBJ2-7,CASSPQQGVIYEQYF
"Mycobacterium tuberculosis",TRBV4-2,TRBJ2-3,CASSPQRVETDTQYF
"Mycobacterium tuberculosis",TRBV4-2,TRBJ2-1,CASSPRSVYYNEQFF
"Mycobacterium tuberculosis",TRBV4-2,TRBJ1-2,CASSPVGEINYGYTF
"Mycobacterium tuberculosis",TRBV4-2,TRBJ2-7,CASSQDRDTGNEQYF
"Mycobacterium tuberculosis",TRBV4-2,TRBJ1-4,CASSQDSAEKLFF
"Mycobacterium tuberculosis",TRBV4-2,TRBJ1-6,CASSQDWGESSPLHF
"Mycobacterium tuberculosis",TRBV4-2,TRBJ2-1,CASSQGLTVYNEQFF
"Mycobacterium tuberculosis",TRBV4-2,TRBJ2-3,CASSQGYSTDTQYF
"Mycobacterium tuberculosis",TRBV4-2,TRBJ2-2,CASSQTRVWTGELFF
"Mycobacterium tuberculosis",TRBV4-2,TRBJ2-3,CASSQVVSTDTQYF
"Mycobacterium tuberculosis",TRBV4-2,TRBJ2-7,CASSRDYSSYEQYF
"Mycobacterium tuberculosis",TRBV4-2,TRBJ2-1,CASSRKAGGSNEQFF
"Mycobacterium tuberculosis",TRBV4-2,TRBJ2-7,CASSRLGSYEQYF
"Mycobacterium tuberculosis",TRBV4-2,TRBJ1-5,CASSRPNQPQHF
"Mycobacterium tuberculosis",TRBV4-3,TRBJ2-5,CASSRGETQYF
"Mycobacterium tuberculosis",TRBV4-3,TRBJ2-2,CASSSYWGTGELFF
"Mycobacterium tuberculosis",TRBV5-1,TRBJ2-5,CASALTSPQETQYF
"Mycobacterium tuberculosis",TRBV5-1,TRBJ2-2,CASMQTGGTGELFF
"Mycobacterium tuberculosis",TRBV5-1,TRBJ1-1,CASNGQPMNTEAFF
"Mycobacterium tuberculosis",TRBV5-1,TRBJ2-2,CASRWNTGELFF
"Mycobacterium tuberculosis",TRBV7-2,TRBJ1-4,CASSFTLGTHEKLFF
"Mycobacterium tuberculosis",TRBV7-2,TRBJ2-1,CASSFVPSSYNEQFF
"Mycobacterium tuberculosis",TRBV7-2,TRBJ2-7,CASSFWGYYEQYF
"Mycobacterium tuberculosis",TRBV7-2,TRBJ1-5,CASSGGQGNQPQHF
"Mycobacterium tuberculosis",TRBV7-2,TRBJ2-7,CASSLAEDYEQYF
"Mycobacterium tuberculosis",TRBV7-2,TRBJ1-3,CASSLAGSHTIYF
"Mycobacterium tuberculosis",TRBV7-2,TRBJ2-3,CASSLPGLERSDTQYF
"Mycobacterium tuberculosis",TRBV7-2,TRBJ2-3,CASSLRGIISTDTQYF
"Mycobacterium tuberculosis",TRBV7-2,TRBJ2-3,CASSLRSLDTQYF
"Mycobacterium tuberculosis",TRBV7-2,TRBJ2-1,CASSLSGDSYNEQFF
"Mycobacterium tuberculosis",TRBV7-2,TRBJ1-1,CASSLSGGKTEAFF
"Mycobacterium tuberculosis",TRBV7-2,TRBJ2-1,CASSLWGVNEQFF
"Mycobacterium tuberculosis",TRBV7-2,TRBJ2-7,CASSLWQGYEQYF
"Mycobacterium tuberculosis",TRBV7-2,TRBJ2-1,CASSLYSNEQFF
"Mycobacterium tuberculosis",TRBV7-2,TRBJ1-1,CASSPEMGEAFF
"Mycobacterium tuberculosis",TRBV7-2,TRBJ1-3,CASSSTHAGNTIYF
"Mycobacterium tuberculosis",TRBV7-2,TRBJ2-1,CASSTDPGDNEQFF
"Mycobacterium tuberculosis",TRBV7-2,TRBJ2-3,CASSWDPRTDTQYF
"Mycobacterium tuberculosis",TRBV7-2,TRBJ1-5,CASSWTDRNQPQHF
"Mycobacterium tuberculosis",TRBV7-2,TRBJ2-7,CASSYTGDYEQYF
"Mycobacterium tuberculosis",TRBV7-2,TRBJ1-2,CASTLPGQRYGYTF
"Mycobacterium tuberculosis",TRBV7-3,TRBJ2-3,CASSFQPPDTQYF
"Mycobacterium tuberculosis",TRBV7-3,TRBJ2-1,CASSLIGREENEQFF
"Mycobacterium tuberculosis",TRBV7-3,TRBJ2-7,CASSLMGVYEQYF
"Mycobacterium tuberculosis",TRBV7-3,TRBJ2-5,CASSLNRDPKETQYF
"Mycobacterium tuberculosis",TRBV7-3,TRBJ2-1,CASSLRGPPPYNEQFF
"Mycobacterium tuberculosis",TRBV7-3,TRBJ2-1,CASSLRLAAYYNEQFF
"Mycobacterium tuberculosis",TRBV7-3,TRBJ1-5,CASSLRVGGDQPQHF
"Mycobacterium tuberculosis",TRBV7-3,TRBJ2-1,CASSLSSYNEQFF
"Mycobacterium tuberculosis",TRBV7-3,TRBJ1-4,CASSLTGQIIDEKLFF
"Mycobacterium tuberculosis",TRBV7-3,TRBJ2-7,CASSLTGSYEQYF
"Mycobacterium tuberculosis",TRBV7-3,TRBJ2-7,CASSLTSGGPEQYF
"Mycobacterium tuberculosis",TRBV7-3,TRBJ2-3,CASSLTSPDTQYF
"Mycobacterium tuberculosis",TRBV7-3,TRBJ2-1,CASSPPNYNEQFF
"Mycobacterium tuberculosis",TRBV7-4,TRBJ2-3,CASSLAGGADTQYF
"Mycobacterium tuberculosis",TRBV7-4,TRBJ2-7,CASSLALGSSYEQYF
"Mycobacterium tuberculosis",TRBV7-4,TRBJ2-1,CASSLFSGNNEQFF
"Mycobacterium tuberculosis",TRBV7-4,TRBJ2-7,CASSLLESYEQYF
"Mycobacterium tuberculosis",TRBV7-4,TRBJ2-7,CASSLQGRLTYEQYF
"Mycobacterium tuberculosis",TRBV7-6,TRBJ2-7,CASSEDYEQYF
"Mycobacterium tuberculosis",TRBV7-6,TRBJ2-7,CASSGETGQSYEQYF
"Mycobacterium tuberculosis",TRBV7-6,TRBJ1-5,CASSLVGSPQHF
"Mycobacterium tuberculosis",TRBV7-6,TRBJ2-7,CASSPGPNYEQYF
"Mycobacterium tuberculosis",TRBV7-6,TRBJ1-5,CASSTDGQPQHF
"Mycobacterium tuberculosis",TRBV7-7,TRBJ2-5,CASSLVQNQETQYF
"Mycobacterium tuberculosis",TRBV7-7,TRBJ2-1,CASSPGTYNEQFF
"Mycobacterium tuberculosis",TRBV7-8,TRBJ1-2,CASSLALGSNYGYTF
"Mycobacterium tuberculosis",TRBV7-8,TRBJ1-1,CASSLATENTEAFF
"Mycobacterium tuberculosis",TRBV7-8,TRBJ2-1,CASSLVGRNNEQFF
"Mycobacterium tuberculosis",TRBV7-8,TRBJ2-5,CASSLYERETQYF
"Mycobacterium tuberculosis",TRBV7-9,TRBJ2-7,CASSFDWPYEQYF
"Mycobacterium tuberculosis",TRBV7-9,TRBJ1-2,CASSFGEMYGYTF
"Mycobacterium tuberculosis",TRBV7-9,TRBJ1-2,CASSLAGGDSYGYTF
"Mycobacterium tuberculosis",TRBV7-9,TRBJ2-1,CASSLASEYYNEQFF
"Mycobacterium tuberculosis",TRBV7-9,TRBJ1-1,CASSLFGDTEAFF
"Mycobacterium tuberculosis",TRBV7-9,TRBJ2-1,CASSLGGHNEQFF
"Mycobacterium tuberculosis",TRBV7-9,TRBJ1-1,CASSRLPGPEAFF
"Mycobacterium tuberculosis",TRBV7-9,TRBJ2-5,CASSSGQVQETQYF
"Mycobacterium tuberculosis",TRBV7-9,TRBJ2-5,CASSWETQETQYF
"Mycobacterium tuberculosis",TRBV9,TRBJ2-3,CASNHGTSTDTQYF
"Mycobacterium tuberculosis",TRBV9,TRBJ2-1,CASSAGGNEQFF
"Mycobacterium tuberculosis",TRBV9,TRBJ1-1,CASSAGQDTEAFF
"Mycobacterium tuberculosis",TRBV9,TRBJ1-1,CASSAINTEAFF
"Mycobacterium tuberculosis",TRBV9,TRBJ1-6,CASSAPNSPLHF
"Mycobacterium tuberculosis",TRBV9,TRBJ2-7,CASSASGGETYEQYF
"Mycobacterium tuberculosis",TRBV9,TRBJ2-2,CASSAYTGELFF
"Mycobacterium tuberculosis",TRBV9,TRBJ2-7,CASSDYLGYEQYF
"Mycobacterium tuberculosis",TRBV9,TRBJ2-1,CASSFDRHEQFF
"Mycobacterium tuberculosis",TRBV9,TRBJ1-1,CASSGDYQGVFF
"Mycobacterium tuberculosis",TRBV9,TRBJ2-3,CASSGKMGRETDTQYF
"Mycobacterium tuberculosis",TRBV9,TRBJ2-7,CASSGPPTTGEQYF
"Mycobacterium tuberculosis",TRBV9,TRBJ1-2,CASSGTGSDYGYTF
"Mycobacterium tuberculosis",TRBV9,TRBJ1-2,CASSGTREGGYTF
"Mycobacterium tuberculosis",TRBV9,TRBJ2-5,CASSPGGTQYF
"Mycobacterium tuberculosis",TRBV9,TRBJ2-7,CASSVASGGPQQYF
"Mycobacterium tuberculosis",TRBV9,TRBJ2-5,CASSVAYLGQETQYF
"Mycobacterium tuberculosis",TRBV9,TRBJ2-2,CASSVAYTGELFF
"Mycobacterium tuberculosis",TRBV9,TRBJ1-3,CASSVDGSGNTIYF
"Mycobacterium tuberculosis",TRBV9,TRBJ1-4,CASSVEGAPNEKLFF
"Mycobacterium tuberculosis",TRBV9,TRBJ2-5,CASSVEGQQETQYF
"Mycobacterium tuberculosis",TRBV9,TRBJ2-1,CASSVGANEQFF
"Mycobacterium tuberculosis",TRBV9,TRBJ1-1,CASSVGDRDTEAFF
"Mycobacterium tuberculosis",TRBV9,TRBJ2-5,CASSVGDRIQETQYF
"Mycobacterium tuberculosis",TRBV9,TRBJ2-1,CASSVGGDEQFF
"Mycobacterium tuberculosis",TRBV9,TRBJ2-5,CASSVGGGEGETQYF
"Mycobacterium tuberculosis",TRBV9,TRBJ2-5,CASSVGQGKETQYF
"Mycobacterium tuberculosis",TRBV9,TRBJ2-1,CASSVGRGRNEQFF
"Mycobacterium tuberculosis",TRBV9,TRBJ1-1,CASSVRGGTEAFF
"Mycobacterium tuberculosis",TRBV9,TRBJ2-3,CASSVRSSGRQDTQYF
"Mycobacterium tuberculosis",TRBV9,TRBJ1-1,CASSVVDRGNTEAFF
"Mycobacterium tuberculosis",TRBV9,TRBJ2-5,CASTPGGTQYF
"Mycobacterium tuberculosis",TRBV6-2,TRBJ2-3,CASAPGQGTDTQYF
"Mycobacterium tuberculosis",TRBV6-2,TRBJ2-2,CASMEGLGELFF
"Mycobacterium tuberculosis",TRBV6-2,TRBJ1-3,CASRGATIYF
"Mycobacterium tuberculosis",TRBV6-2,TRBJ2-7,CASRGISYEQYF
"Mycobacterium tuberculosis",TRBV6-2,TRBJ2-2,CASRTGLGELFF
"Mycobacterium tuberculosis",TRBV6-2,TRBJ2-5,CASSIGTLETQYF
"Mycobacterium tuberculosis",TRBV6-2,TRBJ2-1,CASSISQGWDEQFF
"Mycobacterium tuberculosis",TRBV6-2,TRBJ2-1,CASSLGNEQFF
"Mycobacterium tuberculosis",TRBV6-2,TRBJ2-5,CASSLTGRETQYF
"Mycobacterium tuberculosis",TRBV6-2,TRBJ2-7,CASSPGAEQYF
"Mycobacterium tuberculosis",TRBV6-2,TRBJ2-7,CASSPIGGYEQYF
"Mycobacterium tuberculosis",TRBV6-2,TRBJ1-1,CASSPRGGPTEAFF
"Mycobacterium tuberculosis",TRBV6-2,TRBJ2-7,CASSPRGYEQYF
"Mycobacterium tuberculosis",TRBV6-2,TRBJ2-7,CASSPRTVSYEQYF
"Mycobacterium tuberculosis",TRBV6-2,TRBJ2-1,CASSPTGSNEQFF
"Mycobacterium tuberculosis",TRBV6-2,TRBJ1-1,CASSRGQGEAFF
"Mycobacterium tuberculosis",TRBV6-2,TRBJ2-1,CASSRQTTYNEQFF
"Mycobacterium tuberculosis",TRBV6-2,TRBJ1-2,CASSSANYGYTF
"Mycobacterium tuberculosis",TRBV6-2,TRBJ2-5,CASSSELAQETQYF
"Mycobacterium tuberculosis",TRBV6-2,TRBJ1-1,CASSSGTEAFF
"Mycobacterium tuberculosis",TRBV6-2,TRBJ2-1,CASSSSPSSYNEQFF
"Mycobacterium tuberculosis",TRBV6-2,TRBJ1-1,CASSSWTGAEAFF
"Mycobacterium tuberculosis",TRBV6-2,TRBJ2-3,CASSTGLATDTQYF
"Mycobacterium tuberculosis",TRBV6-2,TRBJ2-7,CASSTTVNEQYF
"Mycobacterium tuberculosis",TRBV6-2,TRBJ1-1,CASSYDRLNTEAFF
"Mycobacterium tuberculosis",TRBV6-2,TRBJ2-7,CASSYDSGSYEQYF
"Mycobacterium tuberculosis",TRBV6-2,TRBJ2-3,CASSYDSTDTQYF
"Mycobacterium tuberculosis",TRBV6-2,TRBJ2-7,CASSYGQDYEQYF
"Mycobacterium tuberculosis",TRBV6-2,TRBJ2-7,CASSYGTSGAYEQYF
"Mycobacterium tuberculosis",TRBV6-2,TRBJ2-1,CASSYKREGLGEQFF
"Mycobacterium tuberculosis",TRBV6-2,TRBJ2-1,CASSYLAENYNEQFF
"Mycobacterium tuberculosis",TRBV6-2,TRBJ1-1,CASSYPGRRVEAFF
"Mycobacterium tuberculosis",TRBV6-2,TRBJ1-2,CASSYQGSSDGYTF
"Mycobacterium tuberculosis",TRBV6-2,TRBJ2-7,CASSYSGQVAHEQYF
"Mycobacterium tuberculosis",TRBV6-2,TRBJ2-2,CASSYSHLGAGELFF
"Mycobacterium tuberculosis",TRBV6-2,TRBJ2-1,CASSYSIDYNEQFF
"Mycobacterium tuberculosis",TRBV6-2,TRBJ1-2,CASSYSIGDAYGYTF
"Mycobacterium tuberculosis",TRBV6-2,TRBJ1-2,CASSYSMAGTGGYTF
"Mycobacterium tuberculosis",TRBV6-2,TRBJ2-1,CASSYSPTYNEQFF
"Mycobacterium tuberculosis",TRBV6-2,TRBJ2-3,CASSYSRDSSTDTQYF
"Mycobacterium tuberculosis",TRBV6-2,TRBJ1-2,CASSYSSNRGAGYTF
"Mycobacterium tuberculosis",TRBV6-2,TRBJ2-2,CASSYSTSPPGELFF
"Mycobacterium tuberculosis",TRBV6-2,TRBJ1-2,CASSYTASYGYTF
"Mycobacterium tuberculosis",TRBV6-2,TRBJ2-2,CASSYVEPPGELFF
"Mycobacterium tuberculosis",TRBV6-2,TRBJ2-1,CASSYVTYAYNEQFF
"Mycobacterium tuberculosis",TRBV6-2,TRBJ1-1,CASSYWGEAFF
"Mycobacterium tuberculosis",TRBV6-2,TRBJ2-7,CASSYYYEQYF
"Mycobacterium tuberculosis",TRBV6-2,TRBJ2-7,CASTDNYEQYF
"Mycobacterium tuberculosis",TRBV6-2,TRBJ2-7,CASTGQGFYEQYF
"Mycobacterium tuberculosis",TRBV6-2,TRBJ2-1,CASTHGSSYNEQFF
"Mycobacterium tuberculosis",TRBV6-2,TRBJ2-3,CASTKTGETDTQYF
"Mycobacterium tuberculosis",TRBV6-2,TRBJ1-1,CASTRTGNTEAFF
"Mycobacterium tuberculosis",TRBV6-2,TRBJ1-1,CASWTDNTEAFF
"Mycobacterium tuberculosis",TRBV6-3,TRBJ2-3,CASSSGLGTDTQYF
"Mycobacterium tuberculosis",TRBV6-3,TRBJ1-2,CASSSGQGNGYTF
"Mycobacterium tuberculosis",TRBV6-3,TRBJ1-1,CASSSGQKNTEAFF
"Mycobacterium tuberculosis",TRBV6-3,TRBJ1-5,CASSSPGDQPQHF
"Mycobacterium tuberculosis",TRBV6-3,TRBJ2-1,CASSSRLDEQFF
"Mycobacterium tuberculosis",TRBV6-3,TRBJ2-7,CASSSTGTVYEQYF
"Mycobacterium tuberculosis",TRBV6-3,TRBJ1-1,CASSWALSGTFF
"Mycobacterium tuberculosis",TRBV6-3,TRBJ2-2,CASSYSIAITGELFF
"Mycobacterium tuberculosis",TRBV6-3,TRBJ2-3,CASSYSPREGTDTQYF
"Mycobacterium tuberculosis",TRBV6-4,TRBJ1-2,CASMGTGVNYGYTF
"Mycobacterium tuberculosis",TRBV6-4,TRBJ2-7,CASRDRGLEQYF
"Mycobacterium tuberculosis",TRBV6-4,TRBJ1-1,CASRDSSPEAFF
"Mycobacterium tuberculosis",TRBV6-4,TRBJ2-7,CASRKDRTSYEQYV
"Mycobacterium tuberculosis",TRBV6-4,TRBJ1-1,CASRTGAWSGTEAFF
"Mycobacterium tuberculosis",TRBV6-4,TRBJ1-1,CASRVNTEAFF
"Mycobacterium tuberculosis",TRBV6-4,TRBJ1-1,CASSAGQKNTEAFF
"Mycobacterium tuberculosis",TRBV6-4,TRBJ1-6,CASSDEPDRNSPLHF
"Mycobacterium tuberculosis",TRBV6-4,TRBJ2-1,CASSDGGIYNEQFF
"Mycobacterium tuberculosis",TRBV6-4,TRBJ1-2,CASSDPGQGYTF
"Mycobacterium tuberculosis",TRBV6-4,TRBJ2-1,CASSDRATYNEQFF
"Mycobacterium tuberculosis",TRBV6-4,TRBJ1-1,CASSLQQGVNTEAFF
"Mycobacterium tuberculosis",TRBV6-4,TRBJ1-1,CASSPGQKNTEAFF
"Mycobacterium tuberculosis",TRBV6-4,TRBJ2-7,CASSPGSSYEQYF
"Mycobacterium tuberculosis",TRBV6-4,TRBJ2-2,CASSPRQGGAGELFF
"Mycobacterium tuberculosis",TRBV6-4,TRBJ2-1,CASSRSYNEQFF
"Mycobacterium tuberculosis",TRBV6-4,TRBJ2-3,CASSSGGPGTQYF
"Mycobacterium tuberculosis",TRBV6-4,TRBJ2-7,CASSTGLDSWQYF
"Mycobacterium tuberculosis",TRBV6-4,TRBJ2-1,CASSTGTGNNEQFF
"Mycobacterium tuberculosis",TRBV6-4,TRBJ2-7,CASSTQGQGIYEQYF
"Mycobacterium tuberculosis",TRBV6-4,TRBJ2-7,CASSTQGQGIYEQYF
"Mycobacterium tuberculosis",TRBV6-6,TRBJ2-1,CASSSRLVGYNEQFF
"Mycobacterium tuberculosis",TRBV6-9,TRBJ2-1,CASSYQEWPYNEQFF
"Mycobacterium tuberculosis",TRBV6-9,TRBJ1-2,YASSSANYGYTF
"Mycobacterium tuberculosis",TRBV7-1,TRBJ2-5,CASNRGFQETQYF
"Mycobacterium tuberculosis",TRBV7-1,TRBJ2-7,CASSASSGGYEQYF
"Mycobacterium tuberculosis",TRBV7-1,TRBJ2-1,CASSSAGTAEQFF
"Mycobacterium tuberculosis",TRBV7-1,TRBJ1-3,CASSSDRGPGNTIYF
"Mycobacterium tuberculosis",TRBV7-1,TRBJ1-4,CASSSFPNPDEKLFF
"Mycobacterium tuberculosis",TRBV7-1,TRBJ2-7,CASSSGLAGYEQYF
"Mycobacterium tuberculosis",TRBV7-1,TRBJ2-7,CASSSGQGEQYF
"Mycobacterium tuberculosis",TRBV7-1,TRBJ2-3,CASSSGTDTQYF
"Mycobacterium tuberculosis",TRBV7-1,TRBJ2-7,CASSSGTGSYEQYF
"Mycobacterium tuberculosis",TRBV7-1,TRBJ2-7,CASSSGTSGAYEQYF
"Mycobacterium tuberculosis",TRBV7-1,TRBJ2-7,CASSSLNYEQYF
"Mycobacterium tuberculosis",TRBV7-1,TRBJ2-3,CASSSPPSGGPDTQYF
"Mycobacterium tuberculosis",TRBV7-1,TRBJ2-3,CASSSQAADTQYF
"Mycobacterium tuberculosis",TRBV7-1,TRBJ1-2,CASSSRDPNSGYTF
"Mycobacterium tuberculosis",TRBV7-1,TRBJ1-1,CASSSRGGMNTEAFF
"Mycobacterium tuberculosis",TRBV7-1,TRBJ2-2,CASSSTDLNTGELFF
"Mycobacterium tuberculosis",TRBV7-1,TRBJ2-5,CASSSYSLETQYF
"Mycobacterium tuberculosis",TRBV7-1,TRBJ1-2,CASSYRQGRGHGYTF
"Mycobacterium tuberculosis",TRBV7-1,TRBJ1-2,CASSYRQGRGYGYTF
"Mycobacterium tuberculosis",TRBV7-2,TRBJ1-1,CASGGTSRETFF
"Mycobacterium tuberculosis",TRBV7-2,TRBJ2-3,CASMLADTQYF
"Mycobacterium tuberculosis",TRBV7-2,TRBJ2-5,CASSALGETQYF
"Mycobacterium tuberculosis",TRBV7-2,TRBJ2-1,CASSASGSSYNEQFF
"Mycobacterium tuberculosis",TRBV7-2,TRBJ2-2,CASSATGGQAGELFF
"Mycobacterium tuberculosis",TRBV7-2,TRBJ2-7,CASSDGQGYEQYF
"Mycobacterium tuberculosis",TRBV7-2,TRBJ2-5,CASSDGQPQETQYF
"Mycobacterium tuberculosis",TRBV7-2,TRBJ2-1,CASSDPVSYNEQFF
"Mycobacterium tuberculosis",TRBV7-2,TRBJ1-5,CASSDRGGQPQHF
"Mycobacterium tuberculosis",TRBV7-2,TRBJ2-2,CASSFFTGNTGELFF
"Mycobacterium tuberculosis",TRBV7-2,TRBJ2-3,CASSFGGEITDTQYF
"Mycobacterium tuberculosis",TRBV7-2,TRBJ2-1,CASSFGGSHNEQFF
"Mycobacterium tuberculosis",TRBV7-2,TRBJ2-1,CASSFGGSHNEQFF
"Mycobacterium tuberculosis",TRBV7-2,TRBJ2-1,CASSFGTSGNNEQFF
"Mycobacterium tuberculosis",TRBV7-2,TRBJ2-7,CASSFPDKGPYEQYF
"Mycobacterium tuberculosis",TRBV7-2,TRBJ2-7,CASSFPDKGPYEQYL
"Mycobacterium tuberculosis",TRBV7-2,TRBJ2-7,CASSFPGQDYEQYF
"Mycobacterium tuberculosis",TRBV7-2,TRBJ1-2,CASSFPGQGNYGYTF
"Mycobacterium tuberculosis",TRBV7-2,TRBJ2-7,CASSFREFYEQYF
"Mycobacterium tuberculosis",TRBV7-2,TRBJ2-5,CASSFRPPGGETQYF
